0bb17862-7612-4347-8917-657be20158b0,9499 US Highway 70,Lehi,AR,
0e545ab7-6774-47b5-8f58-30d40f795728,310 Chicken Foot Rd,Hope Mills,NC,28348
17e513b1-c6cb-4d55-a60c-54cf04234398,250 W Cumberland Gap Pkwy,Corbin,KY,40701
1ea6395c-a3b6-45ea-8e77-44eeca7f1ef6,2054 St Joseph Drive NW,Cullman,AL,35055
233d03c8-da5e-4cb2-b239-c48f238ec2a1,2215 Cale Yarborough Hwy,Sardis,SC,
31a18b65-6475-4880-9203-f8d44505a815,1523 Avco Blvd,Sellersburg,IN,47172
3330b910-184f-4852-a021-4653260d8e46,1589 Skippers Rd,Emporia,VA,23847
34fc2993-dbed-4d8f-8882-b05e7a4a3942,7746 GA-140,Adairsville,GA,30103
3d065e68-3f21-47d9-8ace-4670366e6fed,6180 Hagman Rd,Toledo,OH,43612
4851db39-17a3-4025-877d-966353811088,2315 E Service Rd,West Memphis,AR,72301
4ee402f8-abbf-471f-a9f7-620234b2b192,1505 Bobby L Glover Highway,Carlisle,AR,72024
50c293a2-8ee6-465e-b34e-f4fbc12ecb96,2000 Big M Blvd,Clanton,AL,35046
5d4b5503-e66f-42af-89db-63e3bb9eb809,2040 E 10th St,Woodbine,GA,31569
5ea6edb7-8a31-4b40-a59a-aac43a2f9d9c,1420 Highway 96,Fairview,TN,
66990611-5600-4c2b-be68-7e14bc61820f,104 Dee Dee Lane,Lonoke,AR,72086
6bd441b6-c0a8-43f2-9c45-b2c9aad57353,245 College Rd,Smithfield,NC,27577
773a8400-7000-4901-b31c-6f83dda77af6,1001 Baker Drive,Monroe,OH,45050
8518cd23-a383-4308-bf0a-48a23448d54d,14992 N Mackinaw Hwy,Mackinaw City,MI,
8efeac67-b7ef-4e1b-8f82-977316b3137a,1589 Skippers Rd,Emporia,VA,23847
9286ea5b-259f-47ce-a075-eec19375191e,1009 E Service Rd,West Memphis,AR,72301
93d11293-5961-44a5-ba5d-ae01bf86716b,19701 Sheridan St,Pembroke Pines,FL,
a27c2657-ae16-45da-9332-c6133d808617,16729 S Crater Rd,Carson,VA,23830
b1514239-fa54-4699-9b65-609e0283b1cb,2185 Grant Rd,Portage,OH,
c98c8bbd-c96d-42dd-8250-6114418fac02,4369 Highway 63 N,Hazen,AR,
ddf043af-973d-478c-b539-d5e22cd93b5b,1250 Hamilton-Lebanon Road E,Monroe,OH,45050
fb8d0e91-7e7c-4302-a44f-dfe3d998bdc8,13109 Hwy 251,Darien,GA,31305
ff8e8a78-c506-47cd-a3bf-26f34324389e,545 Industrial Blvd,Conway,AR,72032
