id	store_number	state	city	category_slug	published	has_coord	name
8be8a312-d7fe-4b5d-8029-4e4be16db6cd	225	AL	Evergreen	cat-scales	pub	nocoord	CAT Scale — Love's Travel Stop #225, Evergreen
020975e1-13ef-41d9-a02e-c94d8ba05896	624	AL	Prichard	cat-scales	pub	nocoord	CAT Scale — Love's Travel Stop #624, Prichard
e5d31239-bc34-4fc5-8cdd-8446053077a2	718	AL	Hope Hull	cat-scales	pub	nocoord	CAT Scale — Love's Travel Stop #718, Hope Hull
b92f4315-9237-42fc-ba92-71c2e383e7cc	368	AL	Clanton	cat-scales	pub	nocoord	CAT Scale at Love's #368
7968ad6f-c140-4f4a-8ca9-a08ddc940203	877	AL	Cullman	cat-scales	pub	nocoord	CAT Scale at Love's Travel Stop #877
4487c8c2-b9dc-4b24-bf94-e18b76de138e	225	AL	Evergreen	truck-stops	pub	nocoord	Love's Travel Stop #225
08e36b89-6dee-438f-bd37-edf4a6eab784	368	AL	Clanton	truck-stops	pub	nocoord	Love's Travel Stop #368
9d0ebd15-c261-4702-a709-a7828d639a9d	624	AL	Prichard	truck-stops	pub	nocoord	Love's Travel Stop #624
b3f396e1-8990-4df2-9cd8-b0c8d353d66c	718	AL	Hope Hull	truck-stops	pub	nocoord	Love's Travel Stop #718
12cb5734-b6f3-48d8-adc1-71b693367a2a	877	AL	Cullman	truck-stops	pub	nocoord	Love's Travel Stop #877 (Good Hope)
d77dcc99-6512-4e2a-9c39-896770572e3d	718	AL	Hope Hull	roadside-service	pub	nocoord	Love's Truck Care — Love's Travel Stop #718, Hope Hull
25e73d4a-657a-498b-9deb-ceabc08caef4	225	AL	Evergreen	tire-repair	pub	nocoord	Love's Truck Care #225, Evergreen
21dc37d4-6706-44d4-8dee-b871cdce17d4	368	AL	Clanton	tire-repair	pub	nocoord	Love's Truck Care #368
0432986c-b8ae-47fe-a647-db30b12d9434	624	AL	Prichard	tire-repair	pub	nocoord	Love's Truck Tire Care #624, Prichard
b7f8d80e-0fbe-47f0-b26c-81d1ceafcfe7	271	AR	Ozark	cat-scales	unpub	nocoord	CAT Scale - Ozark (Love's #271 area)
ea928447-ab0f-46a4-9d40-916a91f2ffa2	236	AR	North Little Rock	cat-scales	pub	nocoord	CAT Scale at Love's Travel Stop #236
4b2f3f98-a3b1-4f01-8414-3bf1bd312c3d	275	AR	Palestine	cat-scales	pub	nocoord	CAT Scale at Love's Travel Stop #275
a18196bd-7c30-48c5-854d-f9a588f7fe5e	450	AR	West Memphis	cat-scales	pub	nocoord	CAT Scale at Love's Travel Stop #450
6027611b-b476-48b3-a777-b43b6492b5ae	759	AR	Hazen	cat-scales	pub	nocoord	CAT Scale at Love's Travel Stop #759
2289120c-d34a-4d96-b705-81286bd97f02	822	AR	Clarksville	cat-scales	pub	nocoord	CAT Scale at Love's Travel Stop #822
d33bd5af-db05-4f0b-a829-7db826c27a96	236	AR	North Little Rock	truck-stops	pub	nocoord	Love's Travel Stop #236
eb21f83a-5ec0-4447-b261-6ecb564187c7	267	AR	Morrilton	truck-stops	pub	nocoord	Love's Travel Stop #267
d7f9bcc5-6dd2-4bc5-aa45-004414540bf2	271	AR	Ozark	truck-stops	pub	nocoord	Love's Travel Stop #271
8fbdb2db-5a92-446e-97c8-fd0473a6a2a8	275	AR	Palestine	truck-stops	pub	nocoord	Love's Travel Stop #275
9615e271-6080-44ba-bb9a-94ee75384e83	450	AR	West Memphis	truck-stops	pub	nocoord	Love's Travel Stop #450
b5d906d6-22c5-4ed5-b39e-b8eea589346d	759	AR	Hazen	truck-stops	pub	nocoord	Love's Travel Stop #759
88873aca-7462-45e9-bbe1-a9ebaa15cf60	822	AR	Clarksville	truck-stops	pub	nocoord	Love's Travel Stop #822
952c949f-05a6-4b90-b5ab-85c53c3296da	939	AR	North Little Rock	tire-repair	pub	nocoord	Love's Truck Care / Speedco #939
f430a4a3-e695-4f4d-b6ef-9119ec9f66fa	951	AR	West Memphis	tire-repair	pub	nocoord	Love's Truck Care / Speedco #951
03cfac83-ce8b-457e-98e6-26265c60d3b4		AR	Hazen	truck-washes	pub	nocoord	Love's Truck Wash - Hazen
b5213d8a-633f-4d73-9172-7ec041bc1cc0	759	AR	Hazen	roadside-service	pub	nocoord	Speedco at Love's Travel Stop #759
a218b1d7-0741-45dd-966b-364b328b7795	822	AR	Clarksville	tire-repair	pub	nocoord	Speedco at Love's Travel Stop #822 (Love's Truck Care)
8542de02-fe4f-41a4-adcb-40ddf3f6b340	495	FL	North Fort Myers	cat-scales	pub	nocoord	CAT Scale - Love's Travel Stop #495, North Fort Myers
05c35c41-6e8f-481f-a2f7-5f50e91170df	363	FL	Ocala	cat-scales	pub	nocoord	CAT Scale — Love's Travel Stop #363, Ocala
0b34c58e-1c6e-4138-a978-f49cbf546920	470	FL	Jasper	cat-scales	pub	nocoord	CAT Scale — Love's Travel Stop #470, Jasper
deb4ebbf-3a76-487f-b015-532c1f6f4d9f	724	FL	Lake City	cat-scales	pub	nocoord	CAT Scale — Love's Travel Stop #724, Lake City
3cbba395-9805-41ca-91c5-2a171aebab14		FL	Fort Pierce	cat-scales	unpub	nocoord	CAT Scale at Love's Fort Pierce (Exit 129)
57018663-4fa6-44de-9eaa-8e72da705b86		FL	Fort Pierce	cat-scales	unpub	nocoord	CAT Scale at Love's Fort Pierce (Exit 131)
cb6ce84c-cf06-40c0-bc53-41bc41c426a8		FL	Jacksonville	cat-scales	unpub	nocoord	CAT Scale at Love's Jacksonville (Pecan Park)
e5ee80df-6db5-453b-af75-f692371686dc		FL	Ormond Beach	cat-scales	unpub	nocoord	CAT Scale at Love's Ormond Beach
ad67dd4a-685b-4d62-be05-0b97f31c8e5f	316	FL	Ormond Beach	truck-stops	unpub	nocoord	Love's Travel Stop #316
fe6917b6-5da4-42db-a6ab-e533a1101e62	363	FL	Ocala	truck-stops	pub	nocoord	Love's Travel Stop #363 (Ocala)
d875c6d8-cf43-4d30-a76f-53bed4397cb3	415	FL	Fort Pierce	truck-stops	unpub	nocoord	Love's Travel Stop #415
f31f9d24-b631-4513-869b-d943b30882d3	467	FL	Fort Pierce	truck-stops	unpub	nocoord	Love's Travel Stop #467
493f87f4-8dca-4681-9d42-1da6c4646855	470	FL	Jasper	truck-stops	pub	nocoord	Love's Travel Stop #470 (Jasper)
5f6849f3-fd15-4de2-93e7-69dd2003af1a	495	FL	North Fort Myers	truck-stops	pub	nocoord	Love's Travel Stop #495
8c6afd87-8cac-4a4e-9490-fae510386cdf	603	FL	Jacksonville	truck-stops	unpub	nocoord	Love's Travel Stop #603
3a3394cc-5ac2-4f22-bd59-158f71d062c9	708	FL	Bushnell	truck-stops	pub	nocoord	Love's Travel Stop #708 (Bushnell)
c9ebaa0f-5ca1-44d9-91c3-1965fdd9f9a4	724	FL	Lake City	truck-stops	pub	nocoord	Love's Travel Stop #724 (Lake City)
29e9199c-a535-47dd-8d12-887485484bc3	828	FL	Jacksonville	truck-stops	unpub	nocoord	Love's Travel Stop #828
aab7a84d-f5c3-436a-a8c4-5b3c181f2ed2	894	FL	Saint Augustine	truck-stops	unpub	nocoord	Love's Travel Stop #894
2f8d337f-56bf-4d5d-bfca-44de796066ca	363	FL	Ocala	tire-repair	pub	nocoord	Love's Truck Care - Ocala (#363)
39dbba87-eb5b-4ec6-86e2-ce9a469dbed0	495	FL	North Fort Myers	tire-repair	pub	nocoord	Love's Truck Care #495 - North Fort Myers
fbba2a2b-9070-4943-9256-60b01d953f51	708	FL	Bushnell	tire-repair	pub	nocoord	Love's Truck Tire Care - Bushnell (#708)
7f70f558-89b5-4209-9bc2-2251ff1b4b04		FL	Fort Pierce	truck-washes	unpub	nocoord	Love's Truck Wash - Fort Pierce
dd7fbadd-a3f0-4c41-a4dd-8cb7a57ad7ba	550	GA	Valdosta	cat-scales	pub	coord	CAT Scale — Love's Travel Stop #550, Valdosta
c0c4681b-ae70-4873-8240-f1542361338e	698	GA	Macon	cat-scales	pub	coord	CAT Scale — Love's Travel Stop #698, Macon
78e6f4ee-fc3b-4c79-8946-2f2bc602a54a	735	GA	Calhoun	cat-scales	pub	coord	CAT Scale — Love's Travel Stop #735, Calhoun
ab60f5a4-bfb6-4841-bc60-dc8414412eee	405	GA	Brunswick	cat-scales	unpub	nocoord	CAT Scale at Love's Brunswick (#405)
ca5e9f7f-ad38-416d-a923-c86fe97befd8	893	GA	Garden City	cat-scales	unpub	nocoord	CAT Scale at Love's Garden City (#893)
38cc0860-23d0-41f4-acee-987625766068	338	GA	Richmond Hill	cat-scales	unpub	nocoord	CAT Scale at Love's Richmond Hill (#338)
525d165f-3020-48a5-a584-8bf689288500	906	GA	Brunswick	tire-repair	unpub	nocoord	Love's Speedco #906
4c23e030-e4d3-473c-a3b8-cfafc1599bc4	307	GA	Jackson	truck-stops	pub	coord	Love's Travel Stop #307
6dbef08c-6306-4db2-bccf-5da49a0a2ac8	325	GA	Tifton	truck-stops	pub	coord	Love's Travel Stop #325
89c2531c-300b-4d19-b9f8-e4f065f2d605	338	GA	Richmond Hill	truck-stops	unpub	nocoord	Love's Travel Stop #338
a45b0906-ec99-4785-bfd6-afae328bc2aa	359	GA	Emerson	truck-stops	pub	coord	Love's Travel Stop #359
cb44453b-2e91-403c-b840-fa0ebe9c211e	405	GA	Brunswick	truck-stops	unpub	nocoord	Love's Travel Stop #405
371724fa-2260-4d55-bbc7-0ddeeb680138	550	GA	Valdosta	truck-stops	pub	coord	Love's Travel Stop #550
ed2d89b5-609b-4e0e-91fa-bde1dbd93533	698	GA	Macon	truck-stops	pub	coord	Love's Travel Stop #698
15f5c84b-8284-455e-8928-c688f5a308ab	735	GA	Calhoun	truck-stops	pub	coord	Love's Travel Stop #735
f4591f0b-087b-4856-8957-5a7e020fa209	801	GA	Cordele	truck-stops	pub	coord	Love's Travel Stop #801
a7cd01f6-bc31-4983-8bb6-89a2d6360e0f	893	GA	Garden City	truck-stops	unpub	nocoord	Love's Travel Stop #893
ff5956ff-3364-46a8-b036-0c8c8a414ad0	325	GA	Tifton	tire-repair	pub	coord	Love's Truck Care - Tifton #325
3415b15d-c29c-4fcf-b263-3c759162c45c	928	GA	Jackson	tire-repair	pub	coord	Love's Truck Care / Speedco #928
54a65451-113a-452a-9760-bcf055bb5769	451	IN	Whiteland	cat-scales	pub	nocoord	CAT Scale (at Love's Travel Stop #451)
98192ea9-07b8-41aa-8b7d-82a96752bd04	874	IN	Lafayette	cat-scales	unpub	nocoord	CAT Scale at Love's Lafayette #874
f170989d-6c5b-4de2-b71e-ca56877a43b9	417	IN	Gary	cat-scales	pub	nocoord	CAT Scale at Love's Travel Stop #417 (Grant Street, Gary)
27490a78-a0da-432e-9f3b-7d351f0b1ef4	459	IN	Whitestown	cat-scales	pub	nocoord	CAT Scale at Love's Travel Stop #459
34933f4a-2f1f-46aa-ae03-e94c7050a0a3	952	IN	Whiteland	tire-repair	pub	nocoord	Love's Speedco #952 (Whiteland)
786bf473-2404-4915-bd74-a05c7c07989a	417	IN	Gary	truck-stops	pub	nocoord	Love's Travel Stop #417 (Grant Street)
1822b81f-648c-4711-a265-fe1800ccb423	451	IN	Whiteland	truck-stops	pub	nocoord	Love's Travel Stop #451
f6502eed-0e6a-40c4-a5df-d5a0068ef809	459	IN	Whitestown	truck-stops	pub	nocoord	Love's Travel Stop #459
76e36705-8140-4902-8922-1ae83351ce7a	874	IN	Lafayette	truck-stops	pub	nocoord	Love's Travel Stop #874
be5425db-a39a-4219-a80e-88900202f3f7		IN	Whitestown	roadside-service	pub	nocoord	Love's Truck Care - Whitestown
ded68cd3-cdaa-4af2-9cbd-df5f6aaf354c	874	IN	Lafayette	tire-repair	pub	nocoord	Love's Truck Care (Speedco) at Lafayette #874
a8d7a25d-dbe1-4cf0-87ba-640ca6973894	40	KY	Corbin	tire-repair	unpub	nocoord	Boss Truck Shop #40 (at Love's)
646d0d24-104d-46d8-92a4-d29ce7d8db20	291	KY	Richmond	cat-scales	pub	nocoord	CAT Scale — Love's Travel Stop #291, Richmond
0c0c4cac-8771-4987-becf-d13a6fb414e6	618	KY	Sadieville	cat-scales	pub	nocoord	CAT Scale — Love's Travel Stop #618, Sadieville
d02cc1cc-ddec-4108-b686-69b43432bcca	291	KY	Richmond	truck-stops	pub	nocoord	Love's Travel Stop #291
703372a3-ddb0-4201-b738-cab8ded1a1cf	321	KY	Corbin	truck-stops	pub	nocoord	Love's Travel Stop #321
b67852b7-a14e-43d2-b786-b8536fed05d5	618	KY	Sadieville	truck-stops	pub	nocoord	Love's Travel Stop #618
997324d7-302b-489e-b985-a31d43e886f5	291	KY	Richmond	tire-repair	pub	nocoord	Love's Truck Care - Love's Travel Stop #291, Richmond
5ee50208-ea02-4cbd-8477-5f7469cc0385	321	KY	Corbin	tire-repair	pub	nocoord	Love's Truck Care / Speedco - Love's Travel Stop #321, Corbin
33c7ebe8-323c-4b35-a654-2ac4076fec1b	618	KY	Sadieville	tire-repair	pub	nocoord	Love's Truck Care / Speedco - Love's Travel Stop #618, Sadieville
485085d9-98c6-4e88-9661-862c3bc0c514	618	MI	Birch Run	cat-scales	pub	nocoord	CAT Scale — Love's Travel Stop #618, Birch Run
bbe85dec-152f-460c-a888-a1eb45ba5af7	645	MI	Frenchtown	cat-scales	pub	nocoord	CAT Scale — Love's Travel Stop #645, Frenchtown (Monroe)
b7c5c85d-80c3-4b9d-9731-bd1047b7eca5	743	MI	Bridgeport	cat-scales	pub	nocoord	CAT Scale — Love's Travel Stop #743, Bridgeport
c32686ff-6cf3-4422-af97-80b823e07eb9	618	MI	Birch Run	truck-stops	pub	nocoord	Love's Travel Stop #618 (Birch Run)
bd6dadb7-6053-4d42-a0e9-028f9d319b5c	645	MI	Monroe	truck-stops	pub	nocoord	Love's Travel Stop #645
8e2421bd-15c8-49f2-8442-874641d24719	743	MI	Bridgeport	truck-stops	pub	nocoord	Love's Travel Stop #743
146b8332-2938-43e7-ab80-e6069aee6443	645	MI	Frenchtown	tire-repair	pub	nocoord	Love's Truck Care - Frenchtown/Monroe (#645)
8131d6be-dfa1-41ef-a3b2-8528eae25b1e	743	MI	Bridgeport	tire-repair	pub	nocoord	Love's Truck Care / Speedco - Love's Travel Stop #743, Bridgeport
d536ca31-468a-4974-b480-dd9bfb9f264b		NC	Dunn	cat-scales	unpub	nocoord	CAT Scale at Love's Dunn
cabfc0a1-1c23-4475-8fce-1e7f0322d438	308	NC	Marion	cat-scales	pub	nocoord	CAT Scale at Love's Travel Stop #308
d71c3b0e-137c-404e-afd8-35f9caf76be8	930	NC	Kenly	tire-repair	unpub	nocoord	Love's Speedco #930
7b969fa7-19c1-4bd2-b0c5-9663b9007464	308	NC	Marion	truck-stops	pub	nocoord	Love's Travel Stop #308
29c0000b-e9ee-401d-a502-417243b91f6c	412	NC	Dunn	truck-stops	unpub	nocoord	Love's Travel Stop #412
a8527241-4fec-4e27-96d9-f3d5e882376b	356	OH	North Baltimore	cat-scales	pub	nocoord	CAT Scale — Love's Travel Stop #356, North Baltimore
22ecd0b0-6bb4-4069-a825-b571c22bc991	747	OH	Sidney	cat-scales	pub	nocoord	CAT Scale — Love's Travel Stop #747, Sidney
ce2b1d46-bc97-4dd5-8006-b3f0877740b5	356	OH	North Baltimore	truck-stops	pub	nocoord	Love's Travel Stop #356
37c4007f-e708-43e7-9ec3-42a933595dfa	747	OH	Sidney	truck-stops	pub	nocoord	Love's Travel Stop #747
b60e869c-5742-40c5-b837-efc9577a6153	905	OH	Beaverdam	truck-stops	pub	nocoord	Love's Travel Stop #905
148b4646-be1e-4eeb-91b4-1cedff83441a		OH	Dayton	tire-repair	unpub	nocoord	Love's Truck Tire Care - Dayton (S. Edwin C. Moses Blvd)
abdd2d3e-b725-46c9-ac11-0982e7a36962	747	OH	Sidney	truck-washes	pub	nocoord	Love's Truck Wash #747
490090ee-0f38-4901-926b-2b8bc93ff390	747	OH	Sidney	tire-repair	pub	nocoord	Speedco - Love's Travel Stop #747, Sidney
8edd2af2-0264-4f08-aa18-6eb37b42e1c1	905	OH	Beaverdam	tire-repair	pub	nocoord	Speedco - Love's Travel Stop #905, Beaverdam
1f7194fb-6df2-483c-b775-ff8cef29738c		SC	Dillon	cat-scales	unpub	nocoord	CAT Scale at Love's Dillon
c68400b5-2216-4061-901a-4044d44e19ab		SC	Summerton	cat-scales	unpub	nocoord	CAT Scale at Love's Summerton
2237db27-ede4-4872-9149-f2ea2e2fb8c7		SC	Yemassee	cat-scales	unpub	nocoord	CAT Scale at Love's Yemassee
22da63bd-9ee8-45b1-b8cd-ada2c8cb7899	371	SC	Dillon	truck-stops	unpub	nocoord	Love's Travel Stop #371
beb05d53-db50-49cb-8790-ec01b45c8187	420	SC	Florence	truck-stops	unpub	nocoord	Love's Travel Stop #420
b2af1bed-36cf-4497-8e3d-d2c2209fca12	740	SC	Yemassee	truck-stops	unpub	nocoord	Love's Travel Stop #740
a5c289a1-177f-479f-9e18-84571c3d8190	790	SC	Summerton	truck-stops	unpub	nocoord	Love's Travel Stop #790
f3c0bc13-9e53-4196-b049-258e92e71544	369	TN	Dickson	cat-scales	pub	nocoord	CAT Scale - Love's Travel Stop #369 Dickson
e78ba483-5cf5-492c-9e4d-39186230b9a4	346	TN	Columbia	cat-scales	pub	nocoord	CAT Scale — Love's Travel Stop #346, Columbia
7ad5c4a4-d850-4901-8542-72497a2d0e47	429	TN	Nashville	cat-scales	pub	nocoord	CAT Scale — Love's Travel Stop #429, Nashville
fb63b914-2ebc-4212-8542-f84fc81b0e19	629	TN	White House	cat-scales	pub	nocoord	CAT Scale — Love's Travel Stop #629, White House
317477d8-2741-495d-a3b5-3c5e6eec68ed	861	TN	Loudon	cat-scales	pub	coord	CAT Scale — Love's Travel Stop #861, Loudon
a07fae97-fa99-4f05-9ce1-7ce68d531e5a	244	TN	Jackson	cat-scales	pub	nocoord	CAT Scale at Love's Travel Stop #244
d7669ede-a1d0-4fc9-9bd7-ab2fc25db55e	330	TN	Baxter	cat-scales	pub	nocoord	CAT Scale at Love's Travel Stop #330
83eb8512-0dd4-42b4-84e2-f49e5a9c4ff9	791	TN	Holladay	cat-scales	pub	nocoord	CAT Scale at Love's Travel Stop #791
69637f6a-9573-47cb-acaf-7570d602a047	796	TN	Newport	cat-scales	pub	nocoord	CAT Scale at Love's Travel Stop #796
7781de27-e09d-41fe-b394-5250755d187b	932	TN	Knoxville	tire-repair	pub	nocoord	Love's Speedco #932 Knoxville
6c5d6f67-da95-4378-a089-72e6b7a307c4	244	TN	Jackson	truck-stops	pub	nocoord	Love's Travel Stop #244
f6404302-7971-4884-8f37-82f098913d65	306	TN	Dandridge	truck-stops	pub	nocoord	Love's Travel Stop #306
5f922ea7-ad01-4fff-aa2e-33a9d2cf1177	330	TN	Baxter	truck-stops	pub	nocoord	Love's Travel Stop #330
cdeb1524-21ed-4454-9667-4b4781f3e8fb	346	TN	Columbia	truck-stops	pub	nocoord	Love's Travel Stop #346
08d24d71-a131-473b-9ffd-cc56b92b5466	364	TN	Charleston	truck-stops	pub	coord	Love's Travel Stop #364
e602551b-092f-4d03-9417-03c6196ca4eb	369	TN	Dickson	truck-stops	pub	nocoord	Love's Travel Stop #369
1f6e7f3a-9e20-4a57-8eae-d44d24a80243	429	TN	Nashville	truck-stops	pub	nocoord	Love's Travel Stop #429
d58e3dbf-f1ed-4822-adf6-94841a1a7c64	480	TN	Lenoir City	truck-stops	unpub	nocoord	Love's Travel Stop #480
e862ec83-1ad2-4128-90dd-2cb529a71c79	629	TN	White House	truck-stops	pub	nocoord	Love's Travel Stop #629
4e060c6a-1fab-4808-928a-bd991bf8f694	791	TN	Holladay	truck-stops	pub	nocoord	Love's Travel Stop #791
849b2949-0caf-4874-9c23-e1c79c2ecf35	796	TN	Newport	truck-stops	pub	nocoord	Love's Travel Stop #796
0b49a63f-9886-4ac2-a547-81b6ecda5d6f	861	TN	Loudon	truck-stops	pub	coord	Love's Travel Stop #861
86f3090a-0f4e-4103-a7c5-befcbd96aa85		TN	Baxter	tire-repair	pub	nocoord	Love's Truck Care - Baxter
f9ecb604-3fd2-46b9-bd2c-36a798aa3f37	364	TN	Charleston	tire-repair	pub	coord	Love's Truck Care - Love's Travel Stop #364
07c9a38a-fd7d-4453-907e-25c65f54f3fd	429	TN	Nashville	tire-repair	pub	nocoord	Love's Truck Care - Love's Travel Stop #429
28410ba0-b864-4c43-97cc-93a77a819342	346	TN	Columbia	tire-repair	pub	nocoord	Love's Truck Care — Love's Travel Stop #346
cf5fc3c4-3448-41b9-8caf-01e1b02d74b9	629	TN	White House	tire-repair	pub	nocoord	Love's Truck Care / Speedco — Love's #629, White House
c4997c9e-6181-4948-843c-6aaec49240b4	244	TN	Jackson	tire-repair	pub	nocoord	Love's Truck Care #244
a199a4b9-60d4-4e07-9a81-b518b722a483	306	TN	Dandridge	tire-repair	unpub	nocoord	Love's Truck Care #306
22cffdfb-5e39-47fe-98ce-884b5739ea6c	369	TN	Dickson	tire-repair	pub	nocoord	Love's Truck Care #369
0a51733c-8243-4972-be0c-fd9b39dea490	791	TN	Holladay	tire-repair	pub	nocoord	Speedco at Love's Travel Stop #791
95180b7c-b0de-487b-88db-9d2279c18231	796	TN	Newport	tire-repair	pub	nocoord	Speedco at Love's Travel Stop #796
6084486a-563c-4492-8a3f-575d0e036f02	861	TN	Loudon	tire-repair	pub	coord	Speedco at Love's Travel Stop #861
81d9cb9f-6dd2-491c-8417-5636d505adb5		VA	Ruther Glen	cat-scales	unpub	nocoord	CAT Scale at Love's Ruther Glen
5a5fa4df-c324-4405-bdb6-977ffb7f01a5	317	VA	Skippers	truck-stops	unpub	nocoord	Love's Travel Stop #317
025700b8-af4a-4322-96c1-64fff65ec6b4	435	VA	Ruther Glen	truck-stops	unpub	nocoord	Love's Travel Stop #435 (Ruther Glen)
