listing_id,proposed_latitude,proposed_longitude,severity,findings,miles_outside_state,miles_outside_corridor
000c91b2-9827-443c-8669-5f07c833f485,26.156900507896,-81.760306419973,ok,,0,0
00151f69-dcb6-4510-ac9e-19f6c5ba77a2,41.729175739281,-83.527248937417,ok,,0,0
00ced50d-f1f6-4e29-9a16-1b866beedef0,34.537288963942,-86.911220873697,ok,,0,0
00da872b-f8e1-4216-87b8-2991147f166f,40.708587904275,-84.114709248403,ok,,0,0
02249e40-0250-4d39-8929-73504935f55f,41.700648458576,-83.536940161969,ok,,0,0
0233ead3-771d-4d86-ba66-186665572f7d,35.471373531964,-93.51425427389,ok,,0,0
0244b320-2bb1-4d47-a16f-53da1663fa6b,36.179244563384,-86.300333799266,ok,,0,0
025700b8-af4a-4322-96c1-64fff65ec6b4,37.938277456094,-77.46641256462,ok,,0,0
02cc4878-abf2-44a6-9495-7fbd598d4bc3,31.460002568498,-86.970168893875,ok,,0,0
03ed38e8-cad2-426a-9624-021532e389b4,38.843670590379,-85.818119349139,ok,,0,0
042f917c-41af-484c-899b-051ebf3194f9,38.946896659769,-85.842801639775,ok,,0,0
04ba3188-26b8-4f28-b7aa-b90da2745d91,42.139119390053,-83.238172339735,ok,,0,0
04e8fad7-c564-4879-95ba-91816d3b1074,29.996262049966,-82.597281828825,ok,,0,0
0590d8cb-a505-4dfe-bdd6-5ce120d04412,34.82360690718,-92.096193389223,ok,,0,0
05c5310e-ad0b-4447-8ebb-2d944b974f0d,31.440850268737,-83.529052695564,ok,,0,0
05e3d706-abe8-45ac-9a05-7da2c4ddf937,40.028762493335,-86.474076922418,ok,,0,0
060c2ac4-6fdf-40d2-83e8-f888143d35dc,30.336378385755,-81.676130129396,ok,,0,0
065b431c-e56b-493b-a68a-b9ba7e309d23,35.153545845393,-90.135533977569,ok,,0,0
0666ef38-a91d-4a71-b242-f94f4a45cca2,39.901205676236,-84.194788701332,ok,,0,0
06ea73db-318b-4f90-812a-353ddb570b13,44.600330203587,-84.712413293227,ok,,0,0
06f08845-dcc4-42ec-ba62-5d3c2c28faa6,39.257327723464,-85.884303752992,ok,,0,0
076b546a-e264-4c18-abfc-bb32380ceaf5,38.275261825686,-84.554785595453,ok,,0,0
07c9a38a-fd7d-4453-907e-25c65f54f3fd,36.206200144126,-86.773257893557,ok,,0,0
07d998a5-79fa-4b95-b63f-7bbeb29ca62e,35.304676143923,-86.884102253998,ok,,0,0
08661573-91b9-49cf-9232-e8fed94860f0,35.039158042809,-90.788181001461,ok,,0,0
08b40c31-f1c3-47c0-b278-00c622cedcba,36.08238229895,-87.093541625455,ok,,0,0
090acdd8-3db7-40af-8c57-85e784bb49d8,41.572776366924,-87.403298840126,ok,,0,0
096dd2fe-80a1-441b-a700-dbea8e1455c2,33.696889752145,-84.369805641331,ok,,0,0
09974385-8c93-4bb5-be59-13552b53e2b3,35.603453599871,-89.054401285511,ok,,0,0
0a0c7a0d-2fb0-4201-a93f-b934e2617b5b,35.581359917897,-78.146581818113,ok,,0,0
0a51733c-8243-4972-be0c-fd9b39dea490,35.860465948083,-88.084510273589,ok,,0,0
0b2df467-c976-472b-bd9f-45a8cbd17039,27.492526970571,-82.481200844285,ok,,0,0
0b661f90-b412-443b-920a-0e3e56a199aa,40.814932112346,-87.154306838008,ok,,0,0
0b9d7041-33c5-4e04-9f78-feae94df3de4,38.275088791895,-84.553442303154,ok,,0,0
0c0c4cac-8771-4987-becf-d13a6fb414e6,38.379233472354,-84.572018709181,ok,,0,0
0d70ce2a-08a6-478f-a91b-b626f7086ab3,41.933653618999,-83.389769073968,ok,,0,0
0d9f969f-916e-40b3-a489-b04d8e20ad2d,34.912366347576,-91.19562970723,ok,,0,0
0dacd3b0-435a-46af-9e4f-da23099fc2bb,30.332934904709,-81.654695563986,ok,,0,0
0e24e007-db84-40db-bfc1-222e5d0eebad,34.116210315533,-86.863121166304,ok,,0,0
0e42a2e6-13be-43c8-abe1-1ae11efdd4ae,26.943481994472,-82.010761265343,ok,,0,0
0ecffefe-7964-4da6-9052-c230adc0a249,40.833060844393,-83.965796165022,ok,,0,0
0ed35738-c7a2-48d8-9bd5-dad944cf9d9d,39.982039840858,-86.399846557471,ok,,0,0
0f062a6c-091f-4f1f-a5b9-3a3876fd755a,35.451665326452,-93.465421289071,ok,,0,0
0fda85a9-364c-4541-99d7-fac38c8f755e,30.760934622588,-81.658232854157,ok,,0,0
103d2a5b-3b82-4062-b665-c34a02e55421,34.967899673335,-85.209162312268,ok,,0,0
104adff6-82d2-42b0-9d1b-1a8ef5b55a2a,36.972156441969,-84.107959605362,ok,,0,0
11ed7674-3739-4cfa-9433-51c982f1d544,36.03907915899,-83.444214712387,ok,,0,0
1288759e-4934-4d85-ba1a-ea9684af445f,41.933044402391,-83.353968130267,ok,,0,0
12cb5734-b6f3-48d8-adc1-71b693367a2a,34.130124664978,-86.864693928321,ok,,0,0
12fa9201-e925-4e5c-8c73-6f1037cd4082,41.563358351831,-83.578897060079,ok,,0,0
1331b4e0-334f-40ce-b89d-d92cb15d76f6,33.337064171751,-86.780978229112,ok,,0,0
1339b41e-8930-4c32-a99c-832bffae406e,35.637669079666,-82.143918130485,ok,,0,0
148b4646-be1e-4eeb-91b4-1cedff83441a,39.732510416423,-84.209211759688,ok,,0,0
15061bb1-5399-4e9e-bf46-36a8cf0fc784,35.719925695747,-81.346222657261,ok,,0,0
152dcf8e-4366-4317-9e54-0e6d716a59af,38.858317041396,-84.624688164565,ok,,0,0
1563a9b1-b685-4915-9ef4-eed8e80c4827,32.792039540181,-83.711731606302,ok,,0,0
181dd4e9-f9b8-41ca-9b5d-3d38edf629ab,35.168776212027,-90.187229134202,ok,,0,0
1822b81f-648c-4711-a265-fe1800ccb423,39.549787237804,-86.095809441186,ok,,0,0
18b7f760-c662-4d38-9e0c-0a91f1022015,38.743965837449,-85.822495130277,ok,,0,0
18cb36d8-a481-4013-af5d-f4ce70911fa1,37.776658508304,-84.318822350609,ok,,0,0
18df2837-56f3-4b52-9360-d625614d0910,39.705251548246,-75.539944865575,ok,,0,0
1973618e-b3f4-4ef1-a494-e982fb8aeac3,42.18333975059,-83.271488545568,ok,,0,0
1beb847b-eca9-4b86-a151-558340292504,28.325553237509,-82.322268497102,ok,,0,0
1c02288f-f710-4fbd-9d1b-29dfe8967a38,26.645685853163,-81.801571177115,ok,,0,0
1c18704d-99b4-4644-865c-b0d740b9ccd5,35.39046904205,-89.411617858258,ok,,0,0
1c2331c1-e7c3-4f1c-8080-8c77e26ca570,39.28116643607,-76.549107697835,ok,,0,0
1c486059-1bf4-47b8-845f-e817c22b7674,39.588772335764,-76.068126215863,ok,,0,0
1c5cf5a8-eda7-4a20-aa0c-d7011ff28f65,33.337064171751,-86.780978229112,ok,,0,0
1d1a2d76-46d8-46cc-9759-a9da44e2e53b,41.289245614891,-87.310993104096,ok,,0,0
1d38a614-f929-4747-95c3-7ae04f61c4e0,34.238810509365,-84.776960568723,ok,,0,0
1d82a098-865a-4a0a-9c55-c56dc2c9feee,39.834460660897,-84.18610819848,ok,,0,0
1de92b6e-da68-4c61-9d31-9e03ca0ebe79,37.842984206306,-84.329593206444,ok,,0,0
1e0c5c8d-b62b-4a4b-ba92-9da72d04e6d7,31.134509119647,-81.566838395714,ok,,0,0
1e57efa0-5b56-4594-a360-0801367f7795,38.958197120811,-85.85062789479,ok,,0,0
1e5e8cf7-5200-430a-9b46-ba3712f54745,43.431564577596,-83.937032940297,ok,,0,0
1f226de3-a16d-434e-9db3-2cb86dbf9e31,30.066702764634,-81.494353139441,ok,,0,0
1f59471c-8952-4a0c-953a-1bf402096b87,38.284480773641,-84.551452411137,ok,,0,0
1f6e7f3a-9e20-4a57-8eae-d44d24a80243,36.206200144126,-86.773257893557,ok,,0,0
1f7194fb-6df2-483c-b775-ff8cef29738c,34.419969213674,-79.415871791251,ok,,0,0
1f830c7e-1a16-4115-930e-f93f59c31b80,40.940705280639,-87.214739083526,ok,,0,0
1fabdfbe-abcc-4db1-b41b-dec1fa3d3fa7,41.709416538302,-83.515285063934,ok,,0,0
1fbc776a-057a-4370-96e9-bc049b0385a8,29.267063285242,-82.191806580668,ok,,0,0
20055899-b195-49e7-ab99-e86cadf665e4,35.908438579362,-84.14822526841,ok,,0,0
20ea502e-9d1f-43e3-b369-520d35c38c5f,35.153545845393,-90.135533977569,ok,,0,0
2138c8b1-489c-4aa9-9fe9-51cf8fb72982,38.918901157067,-84.624692350623,ok,,0,0
2149578a-d42a-49e8-a93a-a0744b2a14f6,27.01653776228,-82.051539932438,ok,,0,0
2289120c-d34a-4d96-b705-81286bd97f02,35.460761896794,-93.481131627117,ok,,0,0
22cffdfb-5e39-47fe-98ce-884b5739ea6c,35.990800182928,-87.488846285598,ok,,0,0
22da63bd-9ee8-45b1-b8cd-ada2c8cb7899,34.419969213674,-79.415871791251,ok,,0,0
22e3b5de-964b-4b46-84a0-cbc8d5e0d746,35.062042119913,-85.137440117244,ok,,0,0
22ecd0b0-6bb4-4069-a825-b571c22bc991,40.266052769092,-84.188123805107,ok,,0,0
25069c9b-3d38-41b7-bb33-37f20bf3a4f1,44.657928295052,-84.747492263007,ok,,0,0
253d5108-e1f2-4387-ad7d-b82e1a18712a,39.773661191938,-84.153002331966,ok,,0,0
25721d01-d3ed-4da5-a9cc-448fd166e75b,34.059977663114,-86.748677604295,ok,,0,0
25f235a7-b4f9-4aba-8ac7-e3d4f34c1b33,40.39511516993,-84.158620061671,ok,,0,0
261a3522-4245-43c2-98c9-31a3856a7650,41.059724342045,-83.661896699529,ok,,0,0
264a6af3-ac80-4829-a8b5-299cd3590a41,43.420396464459,-83.895849072227,ok,,0,0
268e78c1-514e-4c7c-a65e-e14e47d34c68,39.195743510358,-84.487592171601,ok,,0,0
270d9f77-5fe0-4907-a95c-c7d39f6b2756,38.743965837449,-85.822495130277,ok,,0,0
27490a78-a0da-432e-9f3b-7d351f0b1ef4,39.978017165801,-86.397236740986,ok,,0,0
277f07bd-626c-4e6a-ba01-55dcae73dba5,35.753556563122,-88.513015120269,ok,,0,0
27a1a923-bb4b-4022-bdd5-d0397249ed58,32.040633802661,-81.147466241718,ok,,0,0
27c0d036-6d49-449f-963a-a57b7b3e1784,35.986281676039,-77.783449242405,ok,,0,0
28410ba0-b864-4c43-97cc-93a77a819342,35.644334713207,-86.88599342113,ok,,0,0
289a8cee-2feb-4452-9a37-b821e45c8d48,36.124922026188,-85.478948321328,ok,,0,0
28c41568-118b-4e1f-aee1-469f8a634af9,31.138555137971,-81.580575754829,ok,,0,0
28ed1b57-596a-42e2-bcb7-55434d32fe02,34.537288963942,-86.911220873697,ok,,0,0
29c0000b-e9ee-401d-a502-417243b91f6c,35.3395909234,-78.556245156296,ok,,0,0
29e9199c-a535-47dd-8d12-887485484bc3,30.463242752565,-81.675645637943,ok,,0,0
29fb50b8-541c-4cca-ade0-56b26c5cb203,46.493396871642,-84.371585244038,ok,,0,0
2a63ae26-efa4-4591-bd3d-63f45bf8639c,40.686757779062,-84.126006512787,ok,,0,0
2a82ff99-4e7f-4fed-b606-c88f0bd36b95,41.172673142559,-83.646261073437,ok,,0,0
2b1af141-43f3-492d-924d-7273b920acc4,38.601560777421,-84.572260665133,ok,,0,0
2b1f5234-36bf-413f-8c40-3c9836ada6bd,36.185185823251,-86.266894269,ok,,0,0
2b7ac68a-1cd0-45d2-94bd-6ca204ce34ee,41.57345062487,-87.403375915921,ok,,0,0
2b918267-6d9e-42db-ba42-77f879f9dc43,37.5727026942,-84.319860446872,ok,,0,0
2e9b34a1-7c38-4a1d-92da-d2286d07976d,38.987923631942,-84.640353658383,ok,,0,0
2ec38723-669c-469b-9c6f-fd57a5df2d79,38.041741825198,-84.421758011341,ok,,0,0
2ee7a28a-71ac-46f8-9998-2f9ae6fcf852,35.709271538188,-81.278263933442,ok,,0,0
3029ff4b-9279-4724-8b75-af63b0f9fb38,35.127454587425,-90.547856615254,ok,,0,0
304c91be-ba96-4f09-83ec-8258f6ed4716,38.275787621698,-84.540828909704,ok,,0,0
30dfb520-e018-457f-ba09-eb3a455c8aab,41.086136136249,-83.656709699197,ok,,0,0
31584983-7e0f-4210-9f62-8cf69cc29ec4,41.172673142559,-83.646261073437,ok,,0,0
31718477-7df3-4315-ab74-52083054b6e5,35.693240105044,-81.252826209975,ok,,0,0
31e4c5c3-a520-47b8-9637-1e859c65c9a9,35.163687698739,-90.197714948157,ok,,0,0
3201e509-b4b9-4cc6-b37c-7c8e2becd7c6,41.500316006281,-87.335928941787,ok,,0,0
321b8c5c-5c9f-48e1-aa9c-fd0332dee69e,41.925022291195,-83.366859286566,ok,,0,0
32eb0641-192c-492f-9b89-cd3b90bfd871,35.153718414176,-90.137692776598,ok,,0,0
33c7ebe8-323c-4b35-a654-2ac4076fec1b,38.379233472354,-84.572018709181,ok,,0,0
33dd16f0-9cfc-486e-822f-83fe6ecf8197,34.266663966564,-79.730661676082,ok,,0,0
3424577e-6317-4273-9ec2-7f64adb7c073,34.764924964979,-86.867364742559,ok,,0,0
34ba01ad-945f-4960-b099-01964f28815d,38.918901157067,-84.624692350623,ok,,0,0
34eeab35-566f-4210-befc-ef29c528d504,35.838297392805,-88.085563278169,ok,,0,0
356e1901-c5fb-4252-97bc-9ff2b5b86935,39.61365815338,-86.107114082041,ok,,0,0
35d60aca-4c98-4307-bfff-f6b4f5004da2,41.595331479178,-87.419280453631,ok,,0,0
361472af-b496-4b3f-b7b0-d85b9ea310c0,35.703718737581,-81.266468925969,ok,,0,0
362f1bd5-2789-488a-8652-ffa580d9737a,36.179244563384,-86.300333799266,ok,,0,0
366ea2a6-4116-4ce3-bc64-01fdac0dcb60,35.221350358631,-92.82766802007,ok,,0,0
36d48fe4-d2ce-4d99-987a-9e8341644b7a,30.793860202813,-81.667698752933,ok,,0,0
36f8c6be-7609-4ada-92c7-9d344b0abf58,35.557336086765,-82.635670563565,ok,,0,0
37c4007f-e708-43e7-9ec3-42a933595dfa,40.266052769092,-84.188123805107,ok,,0,0
383a91a5-b35c-448c-ac46-a2204f600caa,36.081908598358,-87.096035905321,ok,,0,0
38aadae7-1aa0-4cf4-a426-5d7659174852,35.984517792743,-77.900916210632,ok,,0,0
39a7ad06-c801-4b4f-8ea1-3d847839a62c,39.635837936941,-75.806469578668,ok,,0,0
39dbba87-eb5b-4ec6-86e2-ce9a469dbed0,26.713675363748,-81.815939612436,ok,,0,0
3a315155-9a8c-4d6f-8c1c-d3373bd4865e,35.643201358525,-82.039999793667,ok,,0,0
3a3394cc-5ac2-4f22-bd59-158f71d062c9,28.668624426484,-82.147421003229,ok,,0,0
3a8482af-f9c3-4155-a03f-d99781b094a7,30.003718491356,-82.597421928609,ok,,0,0
3aa48c88-8252-4fc1-b386-64a39afeae7a,36.154455788899,-86.626073820931,ok,,0,0
3b130209-e596-4c15-a1fa-522cf7d933bc,34.232523590175,-79.802881994808,ok,,0,0
3b1af415-b8bf-4ca7-85f5-a726b332c3ea,36.137114022141,-85.263417993059,ok,,0,0
3c6b703c-e8bb-418c-902c-1733badf33f6,40.765833656181,-87.125352712891,ok,,0,0
3cbba395-9805-41ca-91c5-2a171aebab14,27.413135402802,-80.397626326934,ok,,0,0
3e0cd409-c3fc-4aa3-bdfd-0fe2587746f6,37.380715577858,-84.330278843151,ok,,0,0
3e2d7707-cfa9-4fff-a6e1-b564b40bfc32,42.139119390053,-83.238172339735,ok,,0,0
3e5fef77-bc72-4174-b45d-04f6096c8fde,35.282286600748,-90.468684301219,ok,,0,0
3ec4da2b-9df7-4bba-913c-c6023b9797ca,35.728958711535,-81.338048421959,ok,,0,0
3ed0a98e-439f-4e6e-a0f6-24c6c3954c9b,38.976601753495,-85.874512514618,ok,,0,0
3f7408df-a39e-46cd-843a-61694fabbe9c,36.70415608575,-77.553025704599,ok,,0,0
40e6a8f0-e686-4f00-8eba-65d11117ae7d,35.152905806834,-90.143486680842,ok,,0,0
410fb4a6-1480-436d-b89b-b5721608cc2a,41.57345062487,-87.403375915921,ok,,0,0
41310565-f89e-49e0-9596-d17a218a165b,38.371951035776,-85.758428676929,ok,,0,0
4212adfe-4234-48bc-aa89-73a1d0ca09a8,35.955460434706,-84.014543291006,ok,,0,0
4286be9b-c51a-4be9-83ec-d9295237982f,34.913581258885,-91.195195124278,ok,,0,0
42fe1af3-f619-4058-a721-afb10238dae3,35.279647078317,-93.093691060785,ok,,0,0
431362ab-4fef-4f4f-bfb1-5a6b46b0ceec,35.717269081808,-81.340808630701,ok,,0,0
431cc9de-65e3-48ad-aed1-2bc3794f95ad,41.715148688997,-83.527805436559,ok,,0,0
438c99e6-0991-48a1-8d0e-8bfe43b34700,40.833174135339,-83.96669068634,ok,,0,0
438d7ce9-59d8-4fec-b8d5-24f36c3a5481,35.31826491064,-78.574370199955,ok,,0,0
43a04cd8-4924-4c2d-8404-1bb132180ce8,41.595340479276,-87.421107475224,ok,,0,0
44197521-7aef-46d8-9c85-1fb95868e73d,35.975848569532,-85.015369440707,ok,,0,0
44ef662c-3372-40a8-9c5b-eb2f0c76fc2c,39.16383825077,-76.769680708308,ok,,0,0
4550e5f0-f0c6-4977-97f4-84e88e7b607f,38.857424374844,-84.624439385264,ok,,0,0
455f776b-7681-45be-8604-fdb9593beb44,33.194744258076,-80.603365384261,ok,,0,0
4584fe8c-08bb-481e-8749-b0fbbc5a6224,32.195343317772,-86.425290203372,ok,,0,0
45dba33a-1322-426d-a01e-6809df669d92,36.530073070351,-86.647932347734,ok,,0,0
4678d9cd-6eea-460c-8d08-def9f6abec0b,39.61065363185,-75.832160772947,ok,,0,0
469dadae-9ba0-4f80-aacf-eb83ca8efc25,35.978316311155,-77.791112190417,ok,,0,0
474c16be-f5a2-4ead-889b-94637b2a5110,34.778294832502,-92.1286231687,ok,,0,0
4788aa99-bbfe-4f81-b826-788e02ee475c,29.266827690062,-82.190780756675,ok,,0,0
4795b25a-2bb2-4c4e-ac29-d864159cb3f3,39.263086127928,-76.54299815982,ok,,0,0
485085d9-98c6-4e88-9661-862c3bc0c514,43.250237273005,-83.778810782379,ok,,0,0
48597a5d-b599-4e11-9826-eae4352b3e51,35.684746116796,-88.778481590437,ok,,0,0
48651de0-1c89-4102-a039-e0703af156ec,35.911662062711,-84.130286301124,ok,,0,0
48d81093-d807-4023-b971-9277d9f47cd8,40.467838512924,-84.173606907062,ok,,0,0
48f3af5a-620d-4a44-9dd5-96210e2b3e39,30.809052037332,-88.064750076813,ok,,0,0
490090ee-0f38-4901-926b-2b8bc93ff390,40.266052769092,-84.188123805107,ok,,0,0
49310225-476e-403f-bc11-b296444ee454,35.643201358525,-82.039999793667,ok,,0,0
49433ba9-dcea-4fa2-81f6-46cc54bf922c,36.150276248099,-86.784518378416,ok,,0,0
49d33773-e031-4778-853c-731f623a5d5b,34.912366347576,-91.19562970723,ok,,0,0
4b07b610-8186-4ad2-b037-cb9c402928a9,40.765828608742,-87.124234934875,ok,,0,0
4b2f3f98-a3b1-4f01-8414-3bf1bd312c3d,34.986041253095,-90.905849324825,ok,,0,0
4b5d062c-18db-4d39-8a06-073ae984e323,33.397740646547,-84.166665718041,ok,,0,0
4be0bff5-6246-43d0-8501-159b1d07cf32,41.595620258284,-83.473995164317,ok,,0,0
4c1a72f9-a863-484e-ae1d-600e8bd8b7a0,33.703695915505,-80.24219589024,ok,,0,0
4c7eff4b-4b93-4969-8d19-5fb1d388779b,36.177520899796,-85.947751941547,ok,,0,0
4cb8afcb-7943-4924-a965-9b5234c9c69f,37.557056533765,-84.287229189723,ok,,0,0
4d1432ba-9d0d-4905-909b-2fce8d5d6497,41.172673142559,-83.646261073437,ok,,0,0
4db7dcbe-4283-4be8-a997-167b7bd9582e,35.091605375622,-92.419769429823,ok,,0,0
4e060c6a-1fab-4808-928a-bd991bf8f694,35.860465948083,-88.084510273589,ok,,0,0
4e347a10-336f-40d4-9ef0-e48a91eca38a,32.136181844846,-81.167818344022,ok,,0,0
4e5234b6-1305-4705-941d-ec5a77370983,30.793860202813,-81.667698752933,ok,,0,0
4e7bad60-63ed-45fd-a1f3-57408c623aaf,38.948367197727,-85.842844710712,ok,,0,0
4f23643b-4ec9-471a-beac-7a7538e73adf,34.232523590175,-79.802881994808,ok,,0,0
4f5b08c4-ff4d-4c48-b881-6d1ae8d9383f,35.890738731213,-87.792142840786,ok,,0,0
4f77aa49-f11e-4ebd-a86e-9c6290ec1ec1,35.985297908615,-85.011344876186,ok,,0,0
4f94e1cf-fe15-4bba-917c-9f389ab3bd04,41.925915909142,-83.363507557606,ok,,0,0
5003bce1-1cfa-45ff-a23d-5f31e1df1450,38.917936205201,-84.626667482519,ok,,0,0
5046a85e-6a9a-49e8-aedd-ab29f95b00d1,39.741768482093,-75.532929394241,ok,,0,0
50a29c91-4d5a-429d-a8ae-bc27851fde1c,34.814972988063,-91.566886917414,ok,,0,0
50c54637-cbc4-4afc-95f4-10e946870d06,36.074010445996,-85.506387976382,ok,,0,0
50cf9353-443d-406e-b1d2-9889112e116c,30.759941234457,-81.648190623986,ok,,0,0
50e12207-792b-4c19-9ce5-f072abdc9e46,39.487904060677,-84.419303594302,ok,,0,0
51296b6f-d325-4a97-a48f-d7a315a5e7e0,40.561608403968,-84.171437352605,ok,,0,0
5167a32a-fc7a-4aa0-8896-07a13b20acbb,35.993496451167,-87.489057674799,ok,,0,0
51cd4b66-e72d-4dfa-9502-cf04145feb19,36.726371410952,-84.162079357854,ok,,0,0
51f35bd0-85e6-45f9-9360-71e5110f4c79,35.873713323085,-84.235994112488,ok,,0,0
523080e8-e097-4129-a1fd-6971162dc8c0,35.976674013418,-83.213077106793,ok,,0,0
5330fe76-dd64-4b5b-b8d6-aca559036526,34.336134968871,-79.536737009302,ok,,0,0
533ac088-b077-4175-880b-04fb1ec093c1,37.416660740209,-88.885548823589,ok,,0,0
53bc511f-3b30-4ac3-aed3-597e416f3f38,41.602256598995,-87.484101589429,ok,,0,0
53c9e3df-31f9-4405-9b33-0b089333c88e,35.642991573977,-86.899591955903,ok,,0,0
54011c80-7ce2-44f4-b11a-f2b8985f9794,37.569670410859,-84.319762736024,ok,,0,0
546a52e7-2632-4626-a6b7-5fc3134a802a,35.456724036078,-93.483008642639,ok,,0,0
5497dc27-dbdc-44b7-8f64-3fd3f6504007,36.000514882368,-83.777108406577,ok,,0,0
54a65451-113a-452a-9760-bcf055bb5769,39.549787237804,-86.095809441186,ok,,0,0
54b59fd2-c9f0-4978-970f-e736398c2504,36.003643978629,-83.78128815967,ok,,0,0
54d2b882-24b4-4c09-b2b8-98529c4e1af7,34.378529112124,-84.907028772019,ok,,0,0
54d7e6d4-f558-42b6-af10-f87f0b9fe8e6,41.925915909142,-83.363507557606,ok,,0,0
54e7735a-85fc-48e7-89ab-3b4e5eeaa514,36.14044844217,-85.501158026182,ok,,0,0
54eb73aa-b523-42b7-bb42-be43bfe1e235,38.858317041396,-84.624688164565,ok,,0,0
5527d376-b806-4a10-bc75-0478c35672d0,41.964225609895,-83.353697470312,ok,,0,0
55b940bd-0f8a-4c2c-8e30-ce6832982ef8,41.4744549022,-87.299225335898,ok,,0,0
55c80169-0830-4e29-806c-016c71a1087f,36.994849585305,-84.086766294637,ok,,0,0
56a4531c-0424-4825-add8-4c9c76280e29,39.002832457667,-84.643988629938,ok,,0,0
56accaa0-eb22-413a-b887-1e6d535c08ae,35.572100193138,-82.956754883826,ok,,0,0
57018663-4fa6-44de-9eaa-8e72da705b86,27.446384941573,-80.398984649827,ok,,0,0
5708f6be-07ee-4cde-8568-47b94d8cb9ca,34.886714566965,-92.374800697569,ok,,0,0
582280fa-d1b8-4e9f-aee1-575fa00b8e8a,38.977469517606,-84.657810030307,ok,,0,0
58632d08-df92-4a46-8c2a-b89a3a0e138a,35.700228474328,-81.198533413134,ok,,0,0
587b9f17-2d09-4a6b-90c2-0ed467f935f9,35.472777716437,-94.252061488677,ok,,0,0
588ee9e4-f2de-4961-9cc4-ed1186a74a73,39.635779497835,-75.806643433894,ok,,0,0
58dc0ef3-dc55-42ec-9b42-3ddcad197aa8,39.645112591971,-75.797781715872,ok,,0,0
592fd7e2-c237-4e04-931c-ba3329687ed7,39.114161073823,-84.578368541117,ok,,0,0
595de56a-aada-4034-882b-60a2fd579ab3,34.238630312574,-79.810540817754,ok,,0,0
5a5fa4df-c324-4405-bdb6-977ffb7f01a5,36.606302871099,-77.5604092107,ok,,0,0
5ad2354d-2ee0-42ab-b983-c07c9716e753,32.488997825315,-80.977906905011,ok,,0,0
5b586188-4b1d-455f-931c-8157582a9f92,38.277502568032,-84.554066213113,ok,,0,0
5be874bb-ebc4-45d6-a70c-18a96c727c5c,35.192117008503,-86.865909372725,ok,,0,0
5c20a67d-267d-4868-aba5-210a14624dbc,29.410449768529,-82.239433016212,ok,,0,0
5c42f488-24de-40af-a67d-88e61d627d64,38.917608743936,-84.631258893509,ok,,0,0
5ca065f4-b503-45a1-9636-b5d8e4505c36,40.765833656181,-87.125352712891,ok,,0,0
5cf98762-e51b-4116-8a71-1934fcc47f35,27.528493640964,-82.512674344178,ok,,0,0
5d4edba9-0200-41ea-9b33-43cb436d42c4,36.581322825555,-84.114425738343,ok,,0,0
5dc09f81-e5df-4022-8248-8fe8e0df8305,36.027950193796,-87.181373182478,ok,,0,0
5e45aa1a-47fd-49c7-a562-fffd0cb426b4,34.788364591496,-86.963625818448,ok,,0,0
5e829807-6932-4f13-b44f-e5dea115f755,35.873713323085,-84.235994112488,ok,,0,0
5e845e58-af0f-4226-96f6-e7d384fe3611,38.275107843938,-84.553423515722,ok,,0,0
5e8660b1-0553-413a-b271-9bdf78f09202,41.723450492043,-83.508671506382,ok,,0,0
5ebe160f-0905-4a56-92ed-e863212681da,34.059977663114,-86.748677604295,ok,,0,0
5f6849f3-fd15-4de2-93e7-69dd2003af1a,26.713675363748,-81.815939612436,ok,,0,0
5f997893-25c2-42f3-9c82-4ce2697e602f,36.011047453028,-83.532347876971,ok,,0,0
5fc5e9a4-17f9-40c7-9c65-d3904e90140f,36.03907915899,-83.444214712387,ok,,0,0
5fe49a55-7136-4e0d-9700-7d83da365074,35.347173798398,-89.516596730863,ok,,0,0
5ff9ec4c-0bb8-49ad-b411-e84e11644025,35.06654390446,-78.924438312726,ok,,0,0
6003d4f7-6d00-4d20-b0f6-2f44c9b8f115,38.344669020091,-85.747245083347,ok,,0,0
605eb2aa-f167-4118-b720-5e470775c93d,41.587323726075,-87.310769502201,ok,,0,0
606a8c6f-80a0-4fd2-865e-19f30f18fd29,38.917608743936,-84.631258893509,ok,,0,0
60782b45-eee6-4dd1-89f2-83b16975bc81,38.282080273363,-84.547324426916,ok,,0,0
6127835d-06d1-42a8-bfdc-aa63201b3ff4,40.561608403968,-84.171437352605,ok,,0,0
6179df3f-6f75-4755-b9ca-75e29976793e,35.466881076653,-84.644162017831,ok,,0,0
61990c24-6dcc-4d68-9d2c-76f95ea5e682,38.856454219411,-84.624452160104,ok,,0,0
61a7d832-a098-4196-bbe2-5b58562e7b9b,39.624763324179,-75.948210388357,ok,,0,0
62263317-c71c-47d6-90ed-4682b92baeb5,35.487699262068,-94.225960745017,ok,,0,0
63337a0c-f3e4-4af5-ae0c-ba30923c6f18,40.755757455516,-84.080019548905,ok,,0,0
635533bc-dbff-4861-ace8-074052e31f00,32.810042556612,-83.640179480353,ok,,0,0
63726042-4b3b-41c2-a7e8-267af4a9285b,41.723450492043,-83.508671506382,ok,,0,0
646d0d24-104d-46d8-92a4-d29ce7d8db20,37.84370376801,-84.325475718068,ok,,0,0
647347d8-57c8-4ae1-8388-cdd3897bd0bf,35.85896303141,-86.82622962743,ok,,0,0
659aef3d-030d-4e6b-b626-74956b50d0b5,39.789573103053,-84.208129056188,ok,,0,0
65b43b41-ec30-4e6c-bb62-89350773f592,29.197620519283,-82.137857997614,ok,,0,0
668ea41a-8085-4a27-a97e-932f7e23dbe9,39.028816479305,-84.617009613279,ok,,0,0
66abae1e-f898-4e10-8def-fd7e3504b89e,34.665372260757,-79.001337543862,ok,,0,0
66f48a5d-4b79-4673-a245-f44828333bca,34.909286170607,-91.196807251317,ok,,0,0
679989c5-ac9b-4de4-9f1d-347eb41ab47d,41.602146357949,-87.32953497274,ok,,0,0
67d39304-81ee-485f-a23a-0882d8ace653,30.760934622588,-81.658232854157,ok,,0,0
687996be-4fd9-4464-a9b3-3df5b2c7f505,29.996262049966,-82.597281828825,ok,,0,0
68afff98-8a4c-42be-b099-e87e50b08a38,36.129974901443,-85.479920649353,ok,,0,0
69637f6a-9573-47cb-acaf-7570d602a047,35.971234639283,-83.248144506167,ok,,0,0
699bb772-2ec5-4520-bf6b-abeebf30954a,32.195269630397,-86.419842359257,ok,,0,0
6a2400d1-8053-46a5-adbb-e6a12e4cf641,29.025441467641,-82.159194205299,ok,,0,0
6b024371-05b4-4fba-89d5-8df8670380f7,35.710192413883,-81.311652439577,ok,,0,0
6b1c4dcd-2806-4c11-aa60-413a867dfa8c,40.39511516993,-84.158620061671,ok,,0,0
6b62a621-ad4e-4aa3-9737-232189c123ce,40.763089898798,-84.059134624293,ok,,0,0
6b64ef96-f1db-4d75-a7e0-a8c9e1a7749f,35.466026211467,-93.425622239588,ok,,0,0
6bad6451-4f76-45b8-9a3b-4a1aad414f83,31.926549193963,-81.332618759546,ok,,0,0
6c2078f9-7d25-48bf-8e8f-10d24ac2b372,35.572100193138,-82.956754883826,ok,,0,0
6c5d6f67-da95-4378-a089-72e6b7a307c4,35.677206471131,-88.745990336021,ok,,0,0
6cb96913-3917-4d7a-98df-9b762bcc16a9,35.512823282497,-94.113482245917,ok,,0,0
6cd2a291-3ad1-4b4c-9bd1-fcad6df3b8e4,35.963598550438,-83.953623323563,ok,,0,0
6d1d4dd4-a6c9-418b-a766-edfb108c2503,30.759941234457,-81.648190623986,ok,,0,0
6d8f6cd0-78e1-489f-9f94-7878cba55e77,30.516203693783,-83.059883359084,ok,,0,0
6da51cc0-fd95-4dd9-b43e-a677ea9ccec3,36.70218298664,-77.535605301555,ok,,0,0
6de301f3-14ca-4c44-b816-1820cd9f4ae7,29.410449768529,-82.239433016212,ok,,0,0
6e1f345b-b3fd-42bb-848c-acfb5573ebc8,35.683617305606,-88.77826163621,ok,,0,0
6e547c77-4ab9-49fa-bfdc-0d6ad39abaed,35.584202227624,-89.090447228909,ok,,0,0
6e837904-c3b3-432f-b78f-bce80ada5ea0,36.03907915899,-83.444214712387,ok,,0,0
6ea6cd6b-978f-494d-a434-913c90a82978,36.722183415115,-84.169099463692,ok,,0,0
6ef81403-6ac8-4aca-8842-8f004d6cbea2,30.37438391341,-81.751911290881,ok,,0,0
6f8465f7-12d6-48a5-afd8-fb057a1d18fb,35.488852000744,-93.842503931511,ok,,0,0
6f9703ca-f211-4241-b6a0-0eed10065024,32.094262932176,-81.20383305442,ok,,0,0
6fcf0410-53d1-44e8-afa9-db8080d9b50a,25.863599113771,-80.334517469083,ok,,0,0
7123e9e2-c970-4da1-88d7-7cb1f4c40954,35.224969025487,-89.737548563184,ok,,0,0
71e6cb4a-6c13-4f87-9686-92e6044703a0,38.279625793877,-77.446148576434,ok,,0,0
724d82b8-ca51-4b99-989f-9caa92eccc5c,37.201555732312,-77.379276912025,ok,,0,0
7263d1cc-402f-4e71-84c4-abe89266f219,35.282286600748,-90.468684301219,ok,,0,0
72afed68-caa3-49ed-b20b-9766e2a533b4,36.142779319705,-86.721894062106,ok,,0,0
72ff780f-93e7-4421-b8a0-9d79a49205fd,35.31826491064,-78.574370199955,ok,,0,0
734dcb31-77d9-4a4a-a07c-f710c03cff1e,41.595440043013,-87.246756234147,ok,,0,0
737b6683-853c-4c7c-9b81-30aadadb627d,35.790125491734,-88.391699004905,ok,,0,0
738937f9-3b6d-44d2-9c1e-61ce6e0c43dc,26.665261189532,-80.08820806584,ok,,0,0
739d2f45-39e1-4353-9a1d-44d4641c129c,35.169076665452,-89.865446735101,ok,,0,0
73be6034-88f2-44ac-9534-f669515c83a4,34.911477779257,-91.196094478625,ok,,0,0
73f556fb-c779-4a56-896a-4ed1b6d0c666,39.665401296724,-86.097902576049,ok,,0,0
74398e08-61e6-41b8-b3fd-e22c6c6cf6d0,30.066006229602,-81.495280459255,ok,,0,0
7500cfb3-d609-4280-9869-356cb5588398,26.894763778183,-82.009205933875,ok,,0,0
7612bd4d-3c89-4824-8916-ea651a1caf95,39.550693774027,-86.045989237829,ok,,0,0
76b5c804-3a44-4f97-bbce-c1f66830b180,35.221350358631,-92.82766802007,ok,,0,0
76c7094c-a57d-4c9f-9232-1343eead5d58,35.332714272798,-93.061197424988,ok,,0,0
76f653aa-907b-4800-865a-1dd03003185a,28.874211113164,-82.094980770734,ok,,0,0
775e2acd-8477-41d7-b7a8-eed2023f229f,35.283709060481,-93.087846514475,ok,,0,0
7772b269-fcc4-40df-a5f8-84c8a851880f,38.960917029385,-85.839536470421,ok,,0,0
7781de27-e09d-41fe-b394-5250755d187b,35.881262374727,-84.237445104941,ok,,0,0
779bb801-20f2-4567-b127-011270581bd1,41.559707240659,-87.355879322194,ok,,0,0
7814b01a-0e7a-4500-a515-e265c22c0e26,35.815847336364,-83.144375409883,ok,,0,0
783d1792-e352-4fb3-bd2b-fc38951c19c8,41.573278036,-87.403567223452,ok,,0,0
786bf473-2404-4915-bd74-a05c7c07989a,41.561431672412,-87.356138443832,ok,,0,0
7968ad6f-c140-4f4a-8ca9-a08ddc940203,34.130124664978,-86.864693928321,ok,,0,0
7a1de681-cd92-4406-8bea-30ee681a1c98,27.492526970571,-82.481200844285,ok,,0,0
7ad5c4a4-d850-4901-8542-72497a2d0e47,36.206200144126,-86.773257893557,ok,,0,0
7b2669e3-059c-435e-9a2b-814f63db2e81,34.812194739862,-86.971893285411,ok,,0,0
7b340f8f-28fc-4bca-83a8-bee8a793a4fb,41.925915909142,-83.363507557606,ok,,0,0
7b36b126-6502-447f-bb23-84c4010f7203,37.309446254331,-77.391711881023,ok,,0,0
7c0afaab-bf58-41b1-9e45-2078f713a690,33.027791373434,-83.911657392543,ok,,0,0
7c5326e4-da4c-4e5b-a0cd-48b3efd82863,35.581359917897,-78.146581818113,ok,,0,0
7c721c5c-0428-4578-bf6b-212951c81717,35.901032402061,-84.174973968353,ok,,0,0
7ca426a1-8f1c-41fd-a721-3c070ccec7c9,33.539483460131,-86.828679068279,ok,,0,0
7ced51ec-fa99-48cd-b788-075a711e3dc7,36.153117890126,-86.703238351513,ok,,0,0
7d145a52-2a8c-420b-87c8-5c8668bca4d9,29.025441467641,-82.159194205299,ok,,0,0
7d2aff0a-c2d6-4a14-96d6-6fb5eee5aaa2,35.706826383143,-81.422984726802,ok,,0,0
7d3ead5b-1237-474f-9154-06b410f7b410,39.664814158288,-75.688228857696,ok,,0,0
7d74bb54-f22d-4594-8bc8-9d9710f88ac0,27.639100838599,-80.510512482242,ok,,0,0
7d908a8c-749c-4c46-9c03-9c73ad7b7b36,37.731404257377,-84.280899280514,ok,,0,0
7dd25bf6-0e6b-40f2-b2f8-6f84541b781f,26.70518748645,-80.082410420328,ok,,0,0
7de48d80-bca0-454b-b71e-71385ae9c6e5,28.840075278885,-82.045353279558,ok,,0,0
7e79bd38-6884-4e0c-a05e-0303faa8514e,40.833175435759,-83.965574348013,ok,,0,0
7e949312-8bda-4eb3-b270-bed57d56fdc0,35.882573235335,-87.800050228094,ok,,0,0
7ec875ca-4ce5-4cc3-89d6-fb9123d30797,36.141866086884,-86.744894997477,ok,,0,0
7ecfa67f-7149-4f2f-b7ff-158fd231e674,35.872729060635,-84.441802029088,ok,,0,0
7edab277-0c0b-4498-a04d-3389926b0fe4,39.550693774027,-86.045989237829,ok,,0,0
7ee7902b-c0a6-4f09-8cd7-ba06e9ecb000,41.573278036,-87.403567223452,ok,,0,0
7f5d9778-61ef-40e4-aebb-b4a61d36347f,30.363520701681,-81.717712341345,ok,,0,0
7f70f558-89b5-4209-9bc2-2251ff1b4b04,27.413135402802,-80.397626326934,ok,,0,0
7f946536-b497-41a6-8f8a-e85b2b6b110d,40.765828608742,-87.124234934875,ok,,0,0
7fa26b2f-a97d-4c5e-aa6f-cb992518cafe,39.635837936941,-75.806469578668,ok,,0,0
7fd02b6b-eeae-4b06-8b67-50c3e9928fec,32.075571019022,-81.117273026153,ok,,0,0
7fd8fd68-d59b-4e35-9204-322769767d60,35.459312281866,-93.481780775359,ok,,0,0
8018aa5b-c428-465d-9809-fde4e03cd4a2,36.081908598358,-87.096035905321,ok,,0,0
8043b977-b2c4-4107-812e-f8c21ef6c742,40.654383885319,-84.133931380375,ok,,0,0
8048826e-0d86-40c5-a331-4ff358dde6c3,38.855447857148,-84.624452244045,ok,,0,0
805a25ba-76a7-4f54-a6f6-0cc3ec6e3ff9,39.000875329836,-84.644968575034,ok,,0,0
805d280c-667d-4b63-8d21-4fad230696b2,41.53830922807,-83.467710713497,ok,,0,0
8131d6be-dfa1-41ef-a3b2-8528eae25b1e,43.348942523957,-83.861064637933,ok,,0,0
814102e7-0d34-48e9-a873-437b194bad6f,35.685413981706,-88.738917639809,ok,,0,0
81d9cb9f-6dd2-491c-8417-5636d505adb5,37.938277456094,-77.46641256462,ok,,0,0
822e64d5-03ad-42b3-b08e-d1b518910506,30.64016460244,-83.19304823306,ok,,0,0
83264a37-d31f-4775-8a1f-05901e60397d,39.097246789589,-76.851986946443,ok,,0,0
83d35d2c-b77c-44ea-8e25-6b0c1b3722c1,28.874211113164,-82.094980770734,ok,,0,0
83eb8512-0dd4-42b4-84e2-f49e5a9c4ff9,35.860465948083,-88.084510273589,ok,,0,0
849b2949-0caf-4874-9c23-e1c79c2ecf35,35.971234639283,-83.248144506167,ok,,0,0
84a2be77-5f4c-469a-8bf3-9a768ad0ad69,38.056668715822,-84.527459372375,ok,,0,0
84a7fdb0-85d9-47e2-a615-c507033be742,39.635825139412,-75.80643843802,ok,,0,0
8542de02-fe4f-41a4-adcb-40ddf3f6b340,26.713675363748,-81.815939612436,ok,,0,0
856e353b-3c68-4b11-9ec1-c0f5a898c888,34.911493439927,-91.196088852947,ok,,0,0
8578017a-7ea0-4c38-a6ed-abf7b5a39d0f,41.559707240659,-87.355879322194,ok,,0,0
85a4e108-aa86-4a0f-8bd2-aa595ed5c6a2,36.035215379287,-83.840157757756,ok,,0,0
861f3ac4-7494-480b-821c-05f6c9cf886d,41.535195841503,-83.459062015024,ok,,0,0
8648fd08-4508-4342-b1f0-6c5d42d46f04,35.162104890334,-90.174450127086,ok,,0,0
883306d0-320d-4a35-bbc8-6e87f859cf48,43.118864629897,-83.765752642852,ok,,0,0
8834db27-9646-4ec7-be01-8249b27e8034,35.733517751059,-81.786604032782,ok,,0,0
88746b7d-8394-4cc4-bcd4-433183514d18,35.264901213993,-90.458743037708,ok,,0,0
88873aca-7462-45e9-bbe1-a9ebaa15cf60,35.460761896794,-93.481131627117,ok,,0,0
894798c3-0460-4016-b5a1-ca4505143ee5,29.267063285242,-82.191806580668,ok,,0,0
8947e3ea-dd2f-43ea-bdde-41c3864cbfb6,30.516203693783,-83.059883359084,ok,,0,0
8954f3e6-074f-40a5-b8b5-d960808ab94d,35.023730586142,-85.295869767385,ok,,0,0
8a0b0dd8-8c92-495c-8eba-c6cdfc3eee63,34.605017712884,-87.055089894479,ok,,0,0
8bb903e1-31e5-49e4-a4c0-26bfbb21cc7e,35.595809168971,-82.591957303817,ok,,0,0
8bdb3077-44fb-4228-8ae3-6328fa661a28,34.116397506022,-86.863111771642,ok,,0,0
8bf6630b-8c97-45c5-b219-f6b2e21d760a,34.238630312574,-79.810540817754,ok,,0,0
8c540454-72fe-46ce-b5ab-41d5583a2812,39.614496142476,-86.070757977739,ok,,0,0
8c6afd87-8cac-4a4e-9490-fae510386cdf,30.517650417499,-81.628507341852,ok,,0,0
8cb6aa2b-13c3-4f79-8b1b-ee434bb8cee8,36.606678087657,-77.559743977936,ok,,0,0
8cb9aef4-4c5d-438f-9b3d-2135401b5137,35.700012988687,-81.261949576448,ok,,0,0
8ccbab3d-94f9-4ece-a131-e5e5419e8203,38.020269091762,-84.521026395985,ok,,0,0
8db48971-1cce-454d-a9c4-24f001a1aca5,41.559707240659,-87.355879322194,ok,,0,0
8e2421bd-15c8-49f2-8442-874641d24719,43.348942523957,-83.861064637933,ok,,0,0
8e45129e-f0ee-4934-b400-229304cf6cd1,37.77721310514,-84.318867417521,ok,,0,0
8e766083-c9ba-4102-a0f6-3615f14b3b54,40.892388410595,-83.871894198672,ok,,0,0
8e79a54d-cad6-460c-9fd5-d5d118342bd3,36.978252286349,-77.395401532252,ok,,0,0
8f05b35f-a63f-4345-a04c-fac2729ef302,39.799413604505,-84.133146271624,ok,,0,0
8f2aedd7-e4a2-40b8-98c0-22c027127390,26.926236725737,-80.095612482629,ok,,0,0
8f306b35-1615-4795-93eb-a5f7394bd5ed,34.222008930849,-84.876171629598,ok,,0,0
8f9f63e8-3893-4921-a48e-66dabad53692,35.883067120059,-84.231992868162,ok,,0,0
8fb4e1c8-bbd6-45dc-b76e-5b67a0e12840,42.139119390053,-83.238172339735,ok,,0,0
8fbdb2db-5a92-446e-97c8-fd0473a6a2a8,34.986041253095,-90.905849324825,ok,,0,0
904bda8d-b42d-49ce-88d2-5b2fd4ca4191,29.410449768529,-82.239433016212,ok,,0,0
910b954b-022b-4076-90dd-ef5e144fa3ef,36.146169773415,-85.503324373307,ok,,0,0
9172f64e-0836-45fd-a136-3e9c914b7097,41.289245614891,-87.310993104096,ok,,0,0
91b8ddaa-6012-4ab7-839a-ded888eb912d,35.544525627205,-82.755393036071,ok,,0,0
91d0418b-ed0e-488a-8839-3486653ab473,39.03938488888,-84.630932994582,ok,,0,0
925013f5-8de1-4263-999a-8121bb9bd399,43.450721242849,-83.893831675949,ok,,0,0
92a67cb7-3086-461e-a710-7ab4be8446cf,36.722183415115,-84.169099463692,ok,,0,0
943d41c1-4b32-41d2-b585-af228ee8277b,37.339390126948,-84.29910001519,ok,,0,0
94bc004a-3a24-4439-839f-218d3c8f6249,35.977941472309,-85.014928169359,ok,,0,0
9509b408-a8b1-4f4b-a5a4-a4fa0a47bc61,30.066006229602,-81.495280459255,ok,,0,0
95180b7c-b0de-487b-88db-9d2279c18231,35.971234639283,-83.248144506167,ok,,0,0
951b39b1-6f25-40de-b2d3-d7cbca0d66a0,26.653843984488,-81.800752292261,ok,,0,0
952c949f-05a6-4b90-b5ab-85c53c3296da,34.778089381777,-92.128636338631,ok,,0,0
9615e271-6080-44ba-bb9a-94ee75384e83,35.153718414176,-90.137692776598,ok,,0,0
9659739b-ba64-409b-9d90-e350b6c250ca,34.226235858975,-79.794985234589,ok,,0,0
97c2f56e-498f-48f7-90e7-3f44713cd4ab,37.597624475438,-84.316155377166,ok,,0,0
97e31e0f-bc66-4f04-af6a-f802c20e42c2,35.976674013418,-83.213077106793,ok,,0,0
989e6437-46b1-45ce-a5b2-7f7d4d0cb18a,34.346187951127,-79.537043711818,ok,,0,0
98a38aa5-c4ed-4534-b331-56b71a9a2edf,36.606678087657,-77.559743977936,ok,,0,0
98e68fa9-34aa-446a-b6c4-f8fce0026b24,38.789007202654,-84.608181714953,ok,,0,0
997324d7-302b-489e-b985-a31d43e886f5,37.84370376801,-84.325475718068,ok,,0,0
997524e9-7d7a-48d1-b5e5-21ece287e0ec,41.571579572288,-87.401114149254,ok,,0,0
99b0069f-3667-4fae-80d2-e582dbf64ea4,35.172165935279,-89.836664677008,ok,,0,0
9acc0450-cc55-4324-92b7-85d68f4e4b0b,39.272994237058,-84.430434010968,ok,,0,0
9b0bb934-cb3a-499c-b362-8f665e065b81,37.938439878707,-77.466778515929,ok,,0,0
9b1575ec-7faf-47cb-b245-8d261efc12a0,35.706460973667,-81.431003156544,ok,,0,0
9c2aa267-97a4-41b0-b7f0-9f4bf832fde8,40.287750955319,-84.185113561059,ok,,0,0
9c955780-f55e-47c3-b3d1-62781388e2af,30.066006229602,-81.495280459255,ok,,0,0
9cc571cf-6f5a-47bd-8cae-b59626a344e9,44.600632682237,-84.712409808336,ok,,0,0
9d5b4987-bd0e-4332-ae57-b774ca5ee801,27.447890486645,-80.398967254768,ok,,0,0
9dc5d00c-ead7-4a91-a14d-318deff7c7fc,28.838571430287,-82.045343680222,ok,,0,0
9eaf0102-674a-4c29-a360-b2de6807e4f1,29.266821770397,-82.189487317696,ok,,0,0
9eb4f46e-b11a-4d3c-be3b-6e34a79f3631,35.544525627205,-82.755393036071,ok,,0,0
9eb5cdaa-1e13-48a0-b82f-d573166dfe03,40.054403205762,-84.189237162531,ok,,0,0
9ecc9414-262e-42ef-befa-82f1c3180514,35.987415652952,-85.010639635394,ok,,0,0
9f3e2546-35b1-4aa4-a738-c98b944696e6,31.926549193963,-81.332618759546,ok,,0,0
9fa8f22a-5b4b-40a7-a594-885560ee35a0,41.291369289715,-87.29590895783,ok,,0,0
9fc4690a-b7e5-401b-84b7-25290c232a2b,43.250136406372,-83.771552805769,ok,,0,0
a07fae97-fa99-4f05-9ce1-7ce68d531e5a,35.677206471131,-88.745990336021,ok,,0,0
a109cc92-378c-4d57-ac39-da50a5c2a2c6,34.336134968871,-79.536737009302,ok,,0,0
a18196bd-7c30-48c5-854d-f9a588f7fe5e,35.153718414176,-90.137692776598,ok,,0,0
a199a4b9-60d4-4e07-9a81-b518b722a483,36.011284872147,-83.532369034882,ok,,0,0
a1b16ec7-c91b-4173-8790-c48f19ff7cf7,31.139241572356,-81.578274504059,ok,,0,0
a218b1d7-0741-45dd-966b-364b328b7795,35.460761896794,-93.481131627117,ok,,0,0
a2881397-1a79-4517-be05-ad60362466c9,39.588707104064,-76.065985735843,ok,,0,0
a2a5fbfa-7592-47d9-b1ea-b92b20de7058,35.170567659882,-92.744421170435,ok,,0,0
a4208eeb-b29b-455a-8c1f-00debf6b8670,44.600632682237,-84.712409808336,ok,,0,0
a57598de-7650-40f5-a6c7-57697b006955,35.676136741511,-88.752274347526,ok,,0,0
a5c289a1-177f-479f-9e18-84571c3d8190,33.59247437034,-80.356655150397,ok,,0,0
a5c7da21-c5da-4094-8e3a-0724fd6231b9,35.541923277094,-82.747839687582,ok,,0,0
a641f4bb-fad2-49c5-9b64-a856c9b2d976,41.136892056018,-83.66230677961,ok,,0,0
a66959e8-5539-4e5c-9f94-118ebedc6397,32.992256078817,-83.841771513823,ok,,0,0
a68d59ed-297d-4b52-96c3-f59bfc608bb0,36.157918109302,-86.743957976205,ok,,0,0
a6b4c790-4ba6-48e8-bdad-2af3822a8f99,36.133533574002,-85.503730734854,ok,,0,0
a70da55a-2a2e-420a-953c-4b6d46e1c435,40.028762493335,-86.474076922418,ok,,0,0
a72cd51e-255d-4126-a5b2-f3ec4e53e73a,35.949663819822,-83.201707272061,ok,,0,0
a74a9bb2-0a9c-4427-89d6-22e8715c7b7e,34.263222501587,-79.701286189724,ok,,0,0
a77f9fde-3b52-4f86-961d-91e168d388d5,34.263222501587,-79.701286189724,ok,,0,0
a7cd01f6-bc31-4983-8bb6-89a2d6360e0f,32.104272305824,-81.195409332783,ok,,0,0
a7ec52fe-a86e-44a8-ae48-cd48c12b68bf,32.813640261891,-83.725462141293,ok,,0,0
a8527241-4fec-4e27-96d9-f3d5e882376b,41.172875052519,-83.657950874348,ok,,0,0
a8a32662-d389-4d96-9653-6fde235726d0,38.275107843938,-84.553423515722,ok,,0,0
a8c03a61-df69-466d-bbf3-9bde66a34005,39.663862628688,-75.614792020532,ok,,0,0
aaca5bca-e624-4522-8f04-bf85e4e7d7d4,33.591444032941,-84.3860866158,ok,,0,0
ab60f5a4-bfb6-4841-bc60-dc8414412eee,31.134614464241,-81.567097752831,ok,,0,0
ab64b757-a841-4754-b0cf-0d36aa10087c,41.925022291195,-83.366859286566,ok,,0,0
abd74d87-27d2-44c5-bf68-7e0c999a1021,27.441153648376,-82.546733013566,ok,,0,0
abdd2d3e-b725-46c9-ac11-0982e7a36962,40.266052769092,-84.188123805107,ok,,0,0
abdf8ec0-0299-49fc-b832-31219bed310d,43.1189947983,-83.76016751098,ok,,0,0
ac64dd0e-2288-4bb0-85b8-2f1913dfd9f6,37.309446254331,-77.391711881023,ok,,0,0
ad02b07e-d2e3-4c78-978f-c18dee094d5b,36.047127546587,-84.003217082034,ok,,0,0
ad67dd4a-685b-4d62-be05-0b97f31c8e5f,29.338627641005,-81.134636252311,ok,,0,0
ad99dad8-e471-4f54-b766-0faf074cb337,35.153432215376,-90.131346243219,ok,,0,0
add1c18a-6a1a-4dd0-8364-a3685f8a4c51,34.986495566528,-85.192209777071,ok,,0,0
adde99fe-b99d-4c75-b0a1-979badd7595b,37.964324192097,-84.391653852618,ok,,0,0
ae07d309-759d-4ad4-bf96-96cc0f8f3ebe,34.059977663114,-86.748677604295,ok,,0,0
ae5c7f98-3827-4f30-a664-af01f578db47,39.645112591971,-75.797781715872,ok,,0,0
ae8ba987-054f-4b07-afad-25d489af271c,35.462284296851,-94.358677724893,ok,,0,0
ae94cca9-39c9-4e4d-bd4c-8401455945b8,38.917936205201,-84.626667482519,ok,,0,0
aefe40b7-0823-48ca-81c4-5ebb4bd824a6,35.282269859251,-93.085879984806,ok,,0,0
af850276-f3a2-4d26-b48a-43ec8e6b0367,39.000875329836,-84.644968575034,ok,,0,0
af93fa04-c103-493c-aa68-469a003407a6,35.722526329017,-81.372419427286,ok,,0,0
b04bb2a3-499f-4184-afb2-ea9fdcd26826,40.501961705523,-86.86847837435,ok,,0,0
b051d12e-5a30-48cf-b09f-641248bd3468,35.153545845393,-90.135533977569,ok,,0,0
b14b490c-6516-43d5-b38d-8aa2e3b7370b,36.081908598358,-87.096035905321,ok,,0,0
b1a240d4-a067-4094-83b1-6bd6fc63f308,36.169304859861,-86.861962733678,ok,,0,0
b2169613-5952-4904-a0f4-104f9c4d8e8e,38.958206047419,-85.836804007177,ok,,0,0
b22dba94-110c-4d51-8302-f220ef34a43c,36.152336719129,-86.632873080732,ok,,0,0
b25603ec-f8d8-415f-a1a6-0ba3d4b616c4,27.639100838599,-80.510512482242,ok,,0,0
b2b47835-26cd-4b73-9b81-aeb562872970,35.880008922388,-84.237284144352,ok,,0,0
b2bf2309-7ab1-402c-9edf-8d3fcd07cf48,35.008386582921,-78.825458426917,ok,,0,0
b2d64c85-4150-4bf2-a7ed-a8f2d9ea31f4,37.938439878707,-77.466778515929,ok,,0,0
b329619c-5f8f-4cdc-97f9-71cc089f535d,35.111040662176,-78.879374996861,ok,,0,0
b338afed-6894-4b1b-b116-d1acae79348c,39.440196136141,-84.330294178687,ok,,0,0
b3599210-d9f5-44da-8fc9-fedf5816e0ed,35.282286600748,-90.468684301219,ok,,0,0
b3c074e4-06a3-4cb4-b205-6ad5ddae3476,36.000514882368,-83.777108406577,ok,,0,0
b3f396e1-8990-4df2-9cd8-b0c8d353d66c,32.195482896683,-86.416462569345,ok,,0,0
b440672c-2cac-41cc-b748-a2c6867dbd67,34.777621965127,-92.202308839418,ok,,0,0
b56be6f2-17ec-4da0-a47a-270aa6e2176a,36.028994281125,-84.091957096152,ok,,0,0
b5977e77-d52c-472c-8621-4ea27662cfb4,43.352606445024,-83.868820986088,ok,,0,0
b621363d-e4d4-40c6-a04d-09e950264b12,33.703695915505,-80.24219589024,ok,,0,0
b66b0f4d-ff5f-452c-82a7-a74151a6bcc1,36.149829995563,-87.504578940223,ok,,0,0
b67852b7-a14e-43d2-b786-b8536fed05d5,38.379233472354,-84.572018709181,ok,,0,0
b7c5c85d-80c3-4b9d-9731-bd1047b7eca5,43.348942523957,-83.861064637933,ok,,0,0
b7e17908-c076-4ea5-9344-dd3d61032e91,33.103777386533,-86.735480289515,ok,,0,0
b7f59d75-ac92-4bff-8593-6904d706a3eb,35.624192413614,-82.320909422585,ok,,0,0
b853c27b-e5f4-4288-a608-0d9f240d5b71,43.450627560638,-83.895522788655,ok,,0,0
b89a9bb7-6833-4f23-8466-1d6660615cd3,36.523859521809,-77.588397260298,ok,,0,0
b8bff6ef-fb37-4415-9966-9e0ef40bbb4d,30.370988541261,-81.806829702563,suspect,outside-interstate-corridor,0,0.4
b8ce0ae0-c912-4c87-b0e1-07c85abfbae3,40.730509020287,-84.080769778377,ok,,0,0
b9aaf283-56ff-4714-a122-bff468dfc77c,39.967847857837,-86.372455342452,ok,,0,0
b9b49d33-ae7d-4ca0-b197-6986c17eef18,38.958206047419,-85.836804007177,ok,,0,0
b9c7c0fd-8292-4f9f-8424-ab1914e68738,36.70415608575,-77.553025704599,ok,,0,0
b9e80538-3a48-4908-b953-7008f3904786,42.814774250967,-83.578363767671,ok,,0,0
b9f278be-2aaa-4588-ba3b-843fe44fe91d,35.684242628679,-81.914425334815,ok,,0,0
bae44b4e-68ae-41f8-a15f-219606517dbf,41.57345062487,-87.403375915921,ok,,0,0
bb259141-976d-43b2-969f-e7087797dfd5,36.002886938642,-83.526491003792,ok,,0,0
bb4d283f-1f08-4acd-a062-850f5bc309c6,41.172673142559,-83.646261073437,ok,,0,0
bbb6d29c-9a64-46fa-859f-2496d6085564,26.653843984488,-81.800752292261,ok,,0,0
bc81fd4d-e85c-4de1-b213-705b1aa79e8b,28.325553237509,-82.322268497102,ok,,0,0
bcae0f5b-0105-4eb0-a456-e9a27067846b,36.023676582452,-87.340538267057,ok,,0,0
bd27e9bc-6b14-4810-b20d-26a04702c477,40.765833656181,-87.125352712891,ok,,0,0
bd4ef3ee-4a8d-48f5-bb60-aaa6dddd648d,40.561608403968,-84.171437352605,ok,,0,0
bd6dadb7-6053-4d42-a0e9-028f9d319b5c,41.964366843547,-83.345478101504,ok,,0,0
bd85fd98-ea7b-4d66-8653-aead91b721ab,35.540012486589,-89.245948011097,ok,,0,0
be40a471-cbe3-4486-9c3d-daa610788abd,38.262105347746,-77.506322027062,ok,,0,0
be5425db-a39a-4219-a80e-88900202f3f7,39.978017165801,-86.397236740986,ok,,0,0
beb05d53-db50-49cb-8790-ec01b45c8187,34.266626119069,-79.730686907746,ok,,0,0
bf3f8a8f-2e0e-4a3e-9c2c-d18660c742f1,35.876699485839,-87.803603963991,ok,,0,0
bf442593-3ba3-4d1b-b752-64b98bbf4d0f,41.09521555629,-83.654126130306,ok,,0,0
bf497604-5909-4f3f-9b2a-d0172b307c44,34.666982718199,-79.003065913514,ok,,0,0
bf859b17-33b7-4fb7-995a-1d7cb462c529,41.136892056018,-83.66230677961,ok,,0,0
bf9f7bff-15b9-4252-9fed-9818d877fafa,35.442858648786,-84.593489699411,ok,,0,0
bfadf192-bbdd-45b1-a64a-e6bf10c2ba74,30.743434990685,-83.27752391977,ok,,0,0
c01c6383-b1bb-4f29-815a-a9781159e490,35.584228073143,-82.462244898169,ok,,0,0
c041cd41-88dc-4a27-9533-4f5d11219fb7,35.817795560721,-83.139283388195,ok,,0,0
c043c657-b831-460b-a310-0129638ffa32,43.250120954795,-83.778175610868,ok,,0,0
c0884a63-939a-4493-9de9-3a497f3aba5f,35.682473261665,-88.785775323914,ok,,0,0
c0d803ff-2516-4efe-aecb-b94c0a7e3649,40.395268056271,-84.153038204786,ok,,0,0
c155ccb3-73d8-4cee-ab06-8be51125d95c,36.523859521809,-77.588397260298,ok,,0,0
c1ef60d0-9302-4eb4-abd7-4d5cd5b2f36d,40.373960878047,-86.780393544516,ok,,0,0
c297e04a-9f49-46d2-8ca2-28b97d243a62,41.964225609895,-83.353697470312,ok,,0,0
c2c1f50d-712b-46bd-a443-86cc9410b011,35.792440963829,-88.391430521641,ok,,0,0
c2da6e30-1a23-4b1a-9160-4a8687518b3b,34.951863938557,-92.424350335589,ok,,0,0
c32686ff-6cf3-4422-af97-80b823e07eb9,43.250237273005,-83.778810782379,ok,,0,0
c33f9a80-5ca6-4e5e-8248-51b5d1a2f2f7,38.696219574,-85.781747101401,ok,,0,0
c36a20c0-a035-4478-93c5-c93dceffb194,35.304676143923,-86.884102253998,ok,,0,0
c3dc2406-02fd-41e0-98fe-b38111f2f639,35.153546806929,-90.135351512669,ok,,0,0
c3ed2924-e776-4546-bd7c-1547e2413728,41.604397845899,-83.552044923476,ok,,0,0
c43fdbd0-acb9-4d1d-a319-33fffc4c53eb,37.224627596062,-84.216779289759,ok,,0,0
c46096bc-5104-421a-8170-22a88bfea17f,31.137779308021,-81.580996967239,ok,,0,0
c4997c9e-6181-4948-843c-6aaec49240b4,35.677206471131,-88.745990336021,ok,,0,0
c4ad7a64-e08a-4c08-a883-277380ff7226,38.061059657784,-84.551069541706,ok,,0,0
c4fa7a01-7327-4a45-9a23-1d24e9bd4a3e,36.149829995563,-87.504578940223,ok,,0,0
c5a48945-a47e-4fd5-914d-84f308fce637,26.894763778183,-82.009205933875,ok,,0,0
c63db5dc-8787-4c30-b828-16e6ea586188,38.958206047419,-85.836804007177,ok,,0,0
c68400b5-2216-4061-901a-4044d44e19ab,33.59247437034,-80.356655150397,ok,,0,0
c7360ace-11b4-4bf4-8710-85564f379abe,43.1189947983,-83.76016751098,ok,,0,0
c82e72bd-86ea-405d-8a21-8d9e86e4211a,32.981087415883,-86.685874175912,ok,,0,0
c836ca77-8b3f-4c79-b105-d28f08025772,36.129974901443,-85.479920649353,ok,,0,0
c8a6032f-6f28-430d-acc6-6fb11667529d,34.619627040973,-79.058415979136,ok,,0,0
c9ebaa0f-5ca1-44d9-91c3-1965fdd9f9a4,30.003718491356,-82.597421928609,ok,,0,0
c9fe8db3-89c2-4078-9340-785683fff9cf,39.874810226596,-84.053982912182,ok,,0,0
ca06adc7-efad-41a5-9da7-e074fc99a452,37.882524232292,-84.334527524126,ok,,0,0
ca425f23-4099-4217-b883-057a8270932a,41.925915909142,-83.363507557606,ok,,0,0
ca4da6a3-c18d-4f65-88ec-1076319eb6c5,28.359676243222,-80.792155375528,ok,,0,0
ca53a744-8ac6-4962-a299-1fb54d6b9f82,41.086136136249,-83.656709699197,ok,,0,0
ca5e9f7f-ad38-416d-a923-c86fe97befd8,32.104272305824,-81.195409332783,ok,,0,0
cb0165c3-ad4e-448f-b5ea-7a87baef77a9,41.655433473778,-87.510197378212,ok,,0,0
cb44453b-2e91-403c-b840-fa0ebe9c211e,31.134614464241,-81.567097752831,ok,,0,0
cb524d9b-af29-4607-bf18-07d0c7c13b50,31.085734749372,-87.538271097635,ok,,0,0
cb6ce84c-cf06-40c0-bc53-41bc41c426a8,30.517650417499,-81.628507341852,ok,,0,0
cbfc290b-82f8-4be8-831a-e806bca0ab8c,34.678384951479,-85.005353466848,ok,,0,0
cc5eadd1-f22b-4a84-a1a8-7ec8f315f47a,39.699287164147,-75.68865142257,ok,,0,0
cc5fe530-72f9-4f40-82de-bb55487a82cc,35.843127955482,-88.085813903227,ok,,0,0
ccb0260f-c724-403d-9128-09d6a31b4fab,35.070003060408,-85.163005718593,ok,,0,0
cd4783d1-b67c-4c09-b056-6a72f5606229,35.873153087956,-84.234760900271,ok,,0,0
cd771c29-16fa-499b-a89b-513470225fe0,36.185185823251,-86.266894269,ok,,0,0
cd88c617-b2ec-4c4e-80ba-6ba6f80de3fb,35.709102917272,-81.961247111083,ok,,0,0
cdeada8d-83d9-44dd-97ad-bbcbb6867252,39.664814158288,-75.688228857696,ok,,0,0
cdeb1524-21ed-4454-9667-4b4781f3e8fb,35.644334713207,-86.88599342113,ok,,0,0
ce2b1d46-bc97-4dd5-8006-b3f0877740b5,41.172875052519,-83.657950874348,ok,,0,0
cef1fa71-2479-4bb1-acda-36bd95b418b5,26.186513655088,-81.687823430389,ok,,0,0
cf54cfb5-5556-4180-815e-ddeecc159719,41.548842723798,-87.375212987806,ok,,0,0
cf5fc3c4-3448-41b9-8caf-01e1b02d74b9,36.468468592734,-86.688294463063,ok,,0,0
cf7673fe-5039-4d46-a2f3-3e677ab4d546,37.375630412069,-84.331169102535,ok,,0,0
cfb3be42-e2e5-4e55-ba83-bcb9ab2402cf,41.467891776437,-87.321363627581,ok,,0,0
d02cc1cc-ddec-4108-b686-69b43432bcca,37.84370376801,-84.325475718068,ok,,0,0
d0b52ba6-cc9b-45c7-878c-ce598cbfaf24,35.511754268292,-82.600533476652,ok,,0,0
d19be5c3-65f2-471d-9281-0cfeeaa8ceb0,35.85896303141,-86.82622962743,ok,,0,0
d243ac8c-5b16-4d91-b0be-38e63fc99da2,39.528904738456,-84.378620459362,ok,,0,0
d3f823ea-4432-474e-a5b1-795644e717c4,27.41207371578,-80.390959138081,ok,,0,0
d434bf32-4491-4e98-bf73-b3902abf4f8d,35.85896303141,-86.82622962743,ok,,0,0
d4513e91-e3b9-43ab-8e65-0d7d1580773f,30.3358431928,-81.749335703461,ok,,0,0
d4d6ed3b-3e72-4011-b0cc-29783bc21dd0,38.276936249956,-84.559682235407,ok,,0,0
d500643d-ae31-49aa-9523-81978691c7a7,35.083329377587,-86.881838147901,ok,,0,0
d536ca31-468a-4974-b480-dd9bfb9f264b,35.3395909234,-78.556245156296,ok,,0,0
d56cff01-0dcb-4610-82aa-920d1214a828,39.624763324179,-75.948210388357,ok,,0,0
d58e3dbf-f1ed-4822-adf6-94841a1a7c64,35.869484792536,-84.324961164459,ok,,0,0
d5e2e7f0-8a6a-4a62-bb13-9e0223aba4ff,35.749625447447,-81.36886222032,ok,,0,0
d6097cf6-67ee-4259-bd01-c63af2c6bc0f,38.983648135293,-84.595308037882,ok,,0,0
d633d094-cbd4-47a2-86d1-ca8aaa96a78e,39.291517701428,-84.428681799342,ok,,0,0
d69a1ead-9d8d-4cf6-9d75-ac7d73f83183,35.462100489787,-93.524854406596,ok,,0,0
d71c3b0e-137c-404e-afd8-35f9caf76be8,35.581923852471,-78.149082637636,ok,,0,0
d7247403-1ed3-49de-83a5-af2862cdbd9f,34.116397506022,-86.863111771642,ok,,0,0
d7265e8b-ae0a-4d0b-84f1-de75c9f7a70d,35.279647078317,-93.093691060785,ok,,0,0
d77a0666-bf9e-43fc-a772-cd7f0f5fa821,35.686005671749,-81.9118908984,ok,,0,0
d77dcc99-6512-4e2a-9c39-896770572e3d,32.195482896683,-86.416462569345,ok,,0,0
d7bc6a17-c3e3-408a-92a1-e403c30794a7,41.523972896934,-87.36045639346,ok,,0,0
d7c49137-e82a-4601-8f1b-d35d8d932c3e,43.352606445024,-83.868820986088,ok,,0,0
d806f887-5291-49e4-8e36-4e7ae97c3996,41.57345062487,-87.403375915921,ok,,0,0
d80ff428-3f9d-400d-903d-a35ee8aa95ec,30.992653667031,-83.389738907575,ok,,0,0
d83e7fdb-9cca-4bd4-b333-dfdafe700a1c,35.581359917897,-78.146581818113,ok,,0,0
d875c6d8-cf43-4d30-a76f-53bed4397cb3,27.413135402802,-80.397626326934,ok,,0,0
d9b21d1e-9b63-4247-a604-ba390a3bc630,37.568959970428,-84.318149857429,ok,,0,0
da83466d-8e10-4c23-921e-64ac29ad5ecd,35.083329377587,-86.881838147901,ok,,0,0
db36c2b2-0463-4b5f-a7ca-1a30c16b18e8,37.415419413251,-88.891548084042,ok,,0,0
db5fdca8-75a2-4c30-a493-81815dfa325b,36.982630825048,-84.092500021679,ok,,0,0
db6a28cb-0b13-4be7-81eb-29fea82fe3b5,43.177483037283,-83.772896391517,ok,,0,0
dc42c076-4e52-4013-98b4-5a57ddc223c9,35.074057805253,-92.433165916041,ok,,0,0
dde95330-d441-40ca-8bce-f0361edba20b,32.740021497501,-86.539912085532,ok,,0,0
de70c755-60b8-4e50-bf23-b807d3f7da97,39.100143087318,-84.528308717323,ok,,0,0
deb4ebbf-3a76-487f-b015-532c1f6f4d9f,30.003718491356,-82.597421928609,ok,,0,0
dee17bfa-a6bf-4da0-8d48-95a9231de439,38.917936205201,-84.626667482519,ok,,0,0
df94342a-aa2a-4c08-856b-45a042b25388,36.413523726627,-86.710500471415,ok,,0,0
e004f829-8d70-4cd9-ab02-d6f481ede413,38.900525899603,-84.610959604719,ok,,0,0
e102d6bd-874c-43d0-b9f6-c8a9dbbe4832,39.28116643607,-76.549107697835,ok,,0,0
e151d192-88be-4548-ab2f-fd5e19590ff1,36.163931655581,-84.086200511235,ok,,0,0
e170da26-92ff-4206-a01b-58335385109b,43.593073734531,-83.992317801463,ok,,0,0
e1b6e58b-5deb-4093-8574-874f4dec971c,40.252856646513,-84.187452956091,ok,,0,0
e1c84a38-7da4-4597-ab5e-331b2e755297,36.01130044978,-83.970120064802,ok,,0,0
e1e61d3d-5b8d-4a5e-b0fa-d7f4e2382ade,43.348739442053,-83.860364431261,ok,,0,0
e29487fb-5a70-43e2-9153-5df9b85f9b83,35.469758341497,-84.602551145453,ok,,0,0
e2a3778e-f2f4-4f93-a2c0-71d545e5b514,28.325576893998,-82.321997077658,ok,,0,0
e2aee5e7-1139-4566-a012-aa2ab3dc8453,40.833175435759,-83.965574348013,ok,,0,0
e2d59ea7-f110-4411-809a-0cbce128191e,36.365418508041,-77.67530568576,ok,,0,0
e3e4eafb-c380-443e-b595-de2d3e0d3a9b,35.882573235335,-87.800050228094,ok,,0,0
e45cdd5c-1081-4859-b540-5a800714c6f9,39.161451243972,-76.781970489777,ok,,0,0
e5b8447a-f9cd-4f17-a967-5531916edd12,41.594586691739,-83.668441350126,ok,,0,0
e5d31239-bc34-4fc5-8cdd-8446053077a2,32.195482896683,-86.416462569345,ok,,0,0
e5ee80df-6db5-453b-af75-f692371686dc,29.338627641005,-81.134636252311,ok,,0,0
e602551b-092f-4d03-9417-03c6196ca4eb,35.990800182928,-87.488846285598,ok,,0,0
e658a6a0-f52b-417f-8d24-7fc5fe4b8458,36.185185823251,-86.266894269,ok,,0,0
e69bfd6f-502b-4f31-a470-be6d117a4e52,26.690007699049,-81.861715240308,ok,,0,0
e780ec0a-3a95-42b8-b7bd-eca1cadf2a72,36.133533574002,-85.503730734854,ok,,0,0
e78ba483-5cf5-492c-9e4d-39186230b9a4,35.644334713207,-86.88599342113,ok,,0,0
e806b433-adca-47ef-a552-5a19b5070417,37.468409053851,-84.332632855747,ok,,0,0
e808cd20-757a-42c2-b9ed-fbf02e964b3e,35.95697791527,-84.004028665212,ok,,0,0
e862ec83-1ad2-4128-90dd-2cb529a71c79,36.468468592734,-86.688294463063,ok,,0,0
e8bfa090-96d9-4462-99e7-72f277dce27b,36.322966312866,-86.708480431069,ok,,0,0
e945424b-b704-4e3e-9eaa-0ed1ba82fb98,34.912277835207,-91.195807079851,ok,,0,0
ea438e19-dcd1-402a-a424-e243df58e1c6,35.881241267898,-84.23744366584,ok,,0,0
ea77b1ed-08aa-424a-a08f-dd7928387ad7,41.727389919942,-83.508820675401,ok,,0,0
ea898a34-0781-4a97-8711-9930f4c0db53,35.640870723897,-81.985780862994,ok,,0,0
eb21f83a-5ec0-4447-b261-6ecb564187c7,35.266404440552,-92.732486808022,ok,,0,0
eb261064-e951-42c9-ba90-7f874986f354,39.295523617932,-85.956648145843,ok,,0,0
eb48d156-9ad9-4fa3-b8eb-cfc7b29a49a4,43.352606445024,-83.868820986088,ok,,0,0
eb5cb560-c5f7-466b-89b0-4fb84dbf8ff5,35.575445652829,-78.14548972887,ok,,0,0
eb77e44b-05c1-4702-9dd2-d5be551ca482,37.736391079111,-84.325770289574,ok,,0,0
eb9c78fe-c2af-4ceb-9cdd-7ec1ee2993ce,25.914057043029,-80.397172675133,ok,,0,0
ebb8ad22-3283-4fc6-9918-66a8ef8ef9dd,36.978252286349,-77.395401532252,ok,,0,0
ebeeef84-4ab8-478a-a46a-3e07a9b29ff3,39.152574756059,-76.801446762881,ok,,0,0
ec267e71-3e9b-4f00-8b8a-40024bcc6010,39.587710050574,-76.076185372329,ok,,0,0
ec42dd30-c4fc-415f-9b7e-c4627f74bae6,35.873713323085,-84.235994112488,ok,,0,0
ed11b1c5-d80c-4ffb-9d0a-f1fa26089b44,39.661118433985,-75.606640774979,ok,,0,0
ed738afc-075b-4843-8a9c-519adbdb102a,25.863599113771,-80.334517469083,ok,,0,0
ee270529-dc8c-4671-85ee-83a351b95338,38.276936249956,-84.559682235407,ok,,0,0
ee7f6f07-8fff-46dd-9e26-f10766f115a1,31.782476839479,-81.385785037127,ok,,0,0
eec1d852-2b50-47f7-a59e-b1238f1ace2d,39.000875329836,-84.644968575034,ok,,0,0
efa068e0-042c-4242-a821-08949d2486c2,39.98976950348,-86.374869004722,ok,,0,0
efbad094-7467-424f-9228-acbf39f3a599,38.684374276262,-84.59944439498,ok,,0,0
efd90b77-aa20-461b-95ef-73c6ad153da2,27.528847226547,-82.512802270495,ok,,0,0
effb0793-cbed-44f7-b05c-3645ccfdda21,43.450721242849,-83.893831675949,ok,,0,0
f0129700-18d1-49cf-b92f-0be14a549686,31.139241572356,-81.578274504059,ok,,0,0
f0783c4c-568f-4ed0-8ee8-baec2257dab1,42.139119390053,-83.238172339735,ok,,0,0
f0d5921a-b53e-482e-941c-3fab7398e0aa,38.394215936304,-85.759606084488,ok,,0,0
f12efc5b-1023-449c-b0b6-5b4df2dbadb1,41.609200270118,-83.538230034796,ok,,0,0
f170989d-6c5b-4de2-b71e-ca56877a43b9,41.561431672412,-87.356138443832,ok,,0,0
f18a5587-4631-4b0c-83a2-55d6c12ad078,35.882573235335,-87.800050228094,ok,,0,0
f1a4bce4-28a4-4400-a2cb-427d53dd0019,36.123259014152,-86.633980527754,ok,,0,0
f1d1bc65-60ea-43df-87b4-266985431b30,33.761334423557,-84.536920102099,ok,,0,0
f1d25ee7-b8a2-467e-b842-07a3eb6be1f9,35.47334843782,-94.250658841389,ok,,0,0
f1e6af7b-d118-4bae-b8f0-5211efc8131e,39.167517548761,-76.78408821128,ok,,0,0
f20905b6-dec3-4b03-aef7-e9f025d1b2c8,39.614496142476,-86.070757977739,ok,,0,0
f2566159-665a-4205-929d-7352a3c1f402,27.447890486645,-80.398967254768,ok,,0,0
f273ca26-a9bf-42d4-b450-51abc0aee2fd,35.279897919989,-93.133583580264,ok,,0,0
f2782741-1f25-47b4-b1e0-c5cdedcf20d8,35.239763202525,-93.139798092155,ok,,0,0
f2ac5cd7-c4cf-453e-b699-b51334f66e29,41.573278036,-87.403567223452,ok,,0,0
f2dae8e2-4d62-4f12-8765-1d93c1a03f6c,27.99845021653,-80.634237251192,ok,,0,0
f31f9d24-b631-4513-869b-d943b30882d3,27.446384941573,-80.398984649827,ok,,0,0
f35c37d4-6118-40c1-8380-1edf8e79777d,39.645112591971,-75.797781715872,ok,,0,0
f37bfd46-6973-4cb1-bbb9-4990d6125418,38.148790543421,-84.540678557012,ok,,0,0
f393fa83-15a7-4d7c-9f98-4440c77db4c8,41.70413972333,-83.536621089011,ok,,0,0
f3c0bc13-9e53-4196-b049-258e92e71544,35.990800182928,-87.488846285598,ok,,0,0
f425a11a-845c-4f88-81d6-d805ee8ee0e7,37.190037794559,-77.364816385213,ok,,0,0
f430a4a3-e695-4f4d-b6ef-9119ec9f66fa,35.153546806691,-90.129992014148,ok,,0,0
f43b9f5a-d148-4094-b93f-53b27d80ac5f,44.600632682237,-84.712409808336,ok,,0,0
f4520840-396d-40f7-9df7-6bf8708e0997,38.277098914433,-84.55268945045,ok,,0,0
f4967041-7344-4787-9573-c5c7bdf7e538,34.619627040973,-79.058415979136,ok,,0,0
f4a45b66-b93f-4bd1-b87c-c78b92510cc3,34.533907462935,-86.912304191126,ok,,0,0
f5df54e7-201d-46d2-8b7b-9127d43ac8c5,38.065263615996,-84.55066416608,ok,,0,0
f637c363-ed64-4c52-be7c-3bf5b7a32a90,39.644629146421,-75.763626793582,ok,,0,0
f6404302-7971-4884-8f37-82f098913d65,36.011284872147,-83.532369034882,ok,,0,0
f6502eed-0e6a-40c4-a5df-d5a0068ef809,39.978017165801,-86.397236740986,ok,,0,0
f65fd2ef-14d5-456f-a937-bbf3750c87b9,39.588707104064,-76.065985735843,ok,,0,0
f68a555f-f314-4506-91bc-db780f009c31,39.901205676236,-84.194788701332,ok,,0,0
f77f6c23-384f-4f64-af4d-2b73d30dbfbb,32.195269630397,-86.419842359257,ok,,0,0
f7863403-1639-472e-b903-9988f0e87e7d,34.816406057864,-91.566130208439,ok,,0,0
f7f69a6a-d032-46ee-9ce6-52796f556a07,41.291369289715,-87.29590895783,ok,,0,0
f89415ea-400b-4f6a-954b-7e920013cf4a,31.734212643876,-83.65252745811,ok,,0,0
f91d1114-a109-48b5-9b5e-1aa96591f8ae,33.194744258076,-80.603365384261,ok,,0,0
f92acc99-4e8c-4f4a-9eb4-3953a57aae4f,35.544525627205,-82.755393036071,ok,,0,0
f972d0f0-b603-4694-824f-36718afa596b,34.116210315533,-86.863121166304,ok,,0,0
f97ef111-f094-422a-bc61-7362a0a27d26,35.575445652829,-78.14548972887,ok,,0,0
f9f1eb0f-d38e-413b-9bae-aba854b9cd7d,33.609118559398,-86.807674585979,ok,,0,0
fa49ec43-3e91-412d-bb7f-74b00fe90df0,35.146830622745,-90.055050020237,ok,,0,0
fa5e1712-b8ee-42f1-b771-e2144afa0fac,35.62184678528,-82.314901058021,ok,,0,0
fa924e2a-0ffe-418f-851f-2f784856e91d,34.244211948399,-79.817540692888,ok,,0,0
fb63b914-2ebc-4212-8542-f84fc81b0e19,36.468468592734,-86.688294463063,ok,,0,0
fb6a3d1d-098f-4dc5-92cb-f5c128c1edc8,35.985297908615,-85.011344876186,ok,,0,0
fb8eb46d-b871-4344-9cd6-5843638e7648,40.833060844393,-83.965796165022,ok,,0,0
fbba2a2b-9070-4943-9256-60b01d953f51,28.668624426484,-82.147421003229,ok,,0,0
fbdfb874-d81b-428b-9a4f-16a1d8d85935,35.256093919952,-93.133193490604,ok,,0,0
fc04797c-a678-4c56-b78a-0b8b8ec49cc1,27.639036558608,-80.4959043542,ok,,0,0
fcd1a075-899a-4873-b325-f0d767d3d03f,35.734183861862,-81.695192643563,ok,,0,0
fdc35482-6e2a-44a5-8d70-e976883b9f25,39.635829405255,-75.806448818236,ok,,0,0
fed4a341-e7ca-4020-b95e-11a589f9d537,39.698089453526,-75.708291816364,ok,,0,0
fef1dd1a-90de-48ea-b494-e652fbb84715,39.238687784502,-84.464525401298,ok,,0,0
ff0a084a-5dae-4a65-a4a8-f9bca9531384,29.266821770397,-82.189487317696,ok,,0,0
ff19357b-eb93-4483-9e4e-ebb40e07fe36,39.167517548761,-76.78408821128,ok,,0,0