"listing_id","business_name","input_address","census_matched_address","existing_coordinate","proposed_coordinate","distance_from_control_m","state_bounds_result","match_classification","reviewer_decision","reviewer_notes"
"1b28a7ae-3fa0-4c3a-975d-b96459b104d1","Southern Tire Mart at Pilot - Jackson","30 Sand Pebble Rd (at Pilot Travel Center #366), Jackson, TN 38305","","","","","n/a","census-no-match","",""
"1ea6395c-a3b6-45ea-8e77-44eeca7f1ef6","Comfort Suites Cullman I-65 Exit 310","2054 St Joseph Drive NW, Cullman, AL 35055","","","","","n/a","census-no-match","",""
"603f66e7-ab68-4307-908f-1d1d6ca2d69a","Truck Parking Club - 1712 Germantown Rd (Middletown)","1712 Germantown Road, Middletown, OH 45042","","","","","n/a","census-no-match","",""
"773a8400-7000-4901-b31c-6f83dda77af6","Alpha Dawg Diesel Truck & Trailer Repair","1001 Baker Drive, Monroe, OH 45050","","","","","n/a","census-no-match","",""
"146b8332-2938-43e7-ab80-e6069aee6443","Love's Truck Care - Frenchtown/Monroe (#645)","1609 Nadeau Rd, Frenchtown, MI 48161","","","","","n/a","census-no-match","",""
"7b969fa7-19c1-4bd2-b0c5-9663b9007464","Love's Travel Stop #308","3308 Hwy 226 S, Marion, NC 28752","","","","","n/a","census-no-match","",""
"4afcec75-e167-44b6-bf5b-3219086c047e","Dolly's Tennessean Travel Stop","3686 Pulaski Highway, Cornersville, TN 37047","","","","","n/a","census-no-match","",""
"2f8d337f-56bf-4d5d-bfca-44de796066ca","Love's Truck Care - Ocala (#363)","7791 NW 47th Ave, Ocala, FL 34482","","","","","n/a","census-no-match","",""
"13a9285c-b1a3-41c1-8bd8-b37661403226","Conoco Truck Stop (Carlisle One Stop)","1491 Bobby L Glover Highway, Carlisle, AR 72024","","","","","n/a","census-no-match","",""
"55ea9889-c967-4506-aab5-c5fb836ee30e","Michigan Welcome Center - St. Ignace (I-75)","I-75 N Mackinac Bridge Plaza, St. Ignace, MI 49781","","","","","n/a","census-no-match","",""
"1822b81f-648c-4711-a265-fe1800ccb423","Love's Travel Stop #451","5115 N 300 E, Whiteland, IN 46184","","","","","n/a","census-no-match","",""
"525d165f-3020-48a5-a584-8bf689288500","Love's Speedco #906","130 Pilot Dr, Brunswick, GA 31523","","","","","n/a","census-no-match","",""
"d7669ede-a1d0-4fc9-9bd7-ab2fc25db55e","CAT Scale at Love's Travel Stop #330","110 Fast Ln, Baxter, TN 38544","","","","","n/a","census-no-match","",""
"da698161-6d20-4069-9e12-64db6fb9cf21","Pilot Travel Center #9","6830 Franklin-Lebanon Road, Franklin, OH 45005","","","","","n/a","census-no-match","",""
"0432986c-b8ae-47fe-a647-db30b12d9434","Love's Truck Tire Care #624, Prichard","2600 W I-65 Service Rd N, Prichard, AL 36612","","","","","n/a","census-no-match","",""
"2aafd4fa-3045-492d-a047-49a8ada973dd","CAT Scale — Pilot Travel Center #231, Corbin","249 W Cumberland Gap Pkwy, Corbin, KY 40701","","","","","n/a","census-no-match","",""
"a8c4f2d2-a328-4706-8fe2-5b4230bde389","London Travel Plaza (AMBEST, formerly London Auto/Truck Center BP)","15 Dogpatch Trading Center, London, KY 40741","","","","","n/a","census-no-match","",""
"7429a8d9-ab7c-4563-be9c-c66b0b19efc4","Lockup Storage - Truck & Trailer Parking","7507 US-31, Sellersburg, IN 47172","","","","","n/a","census-no-match","",""
"50c293a2-8ee6-465e-b34e-f4fbc12ecb96","Days Inn by Wyndham Clanton","2000 Big M Blvd, Clanton, AL 35046","","","","","n/a","census-no-match","",""
"3a916e0e-766f-4fe5-b3ac-6613861492e7","Truck Parking Club - 8145 Connector Dr (Florence)","8145 Connector Dr, Florence, KY 41042","","","","","n/a","census-no-match","",""
"128e28fd-ea53-4895-8b25-1d330554e8b6","East Holly Truck Stop","8435 E Holly Rd, Holly, MI","","","","","n/a","census-no-match","",""
"f594401c-0ec8-4dc1-be86-5d3f54438e64","Agricultural Inspection Station No. 9A — Interstate 75 (Southbound)","13106 Interstate 75, White Springs, FL 32096","","","","","n/a","census-no-match","",""
"351caca3-836f-49e4-be14-a0eeb416a4b3","Blue Beacon Truck Wash of Corbin","373 W Cumberland Gap Pkwy, Corbin, KY 40701","","","","","n/a","census-no-match","",""
"5f922ea7-ad01-4fff-aa2e-33a9d2cf1177","Love's Travel Stop #330","110 Fast Ln, Baxter, TN 38544","","","","","n/a","census-no-match","",""
"b60e869c-5742-40c5-b837-efc9577a6153","Love's Travel Stop #905","416 Village Avenue, Beaverdam, OH 45808","","","","","n/a","census-no-match","",""
"03cfac83-ce8b-457e-98e6-26265c60d3b4","Love's Truck Wash - Hazen","3404 Highway 63 N, Hazen, AR 72064","","","","","n/a","census-no-match","",""
"9ac45310-ac8c-4885-a5aa-ebf787c2f13a","Pilot Travel Center #4569","15976 Whyte Hardee Blvd, Hardeeville, SC 29927","","","","","n/a","census-no-match","",""
"9216c281-99ca-4b5f-8a8d-c5f5e952a769","Kentucky Weigh Station - I-75 Northbound (Scott County)","I-75 Northbound, Georgetown, KY 40324","","","","","n/a","census-no-match","",""
"cabfc0a1-1c23-4475-8fce-1e7f0322d438","CAT Scale at Love's Travel Stop #308","3308 Hwy 226 S, Marion, NC 28752","","","","","n/a","census-no-match","",""
"493f87f4-8dca-4681-9d42-1da6c4646855","Love's Travel Stop #470 (Jasper)","11459 SW 61st Way, Jasper, FL 32052","","","","","n/a","census-no-match","",""
"894b3ac4-90d0-4a5d-bd24-0bc534e4eaa8","Kentucky Weigh Station - I-75 Northbound (Laurel County)","I-75 Northbound, mile point 34 (Laurel County), London, KY","","","","","n/a","census-no-match","",""
"72a21b70-6f02-439d-a737-1423eabc65f5","Admiral — Sault Ste. Marie (I-75 Business Spur)","4135 I-75 Business Spur, Sault Ste. Marie, MI 49783","","","","","n/a","census-rejected","",""
"d33bd5af-db05-4f0b-a829-7db826c27a96","Love's Travel Stop #236","11801 E I-40 (Galloway Rd), North Little Rock, AR 72117","","","","","n/a","census-no-match","",""
"bb1157b5-7938-4625-b424-393303bcc31e","Days Inn by Wyndham Alma","250 N US Highway 71, Alma, AR 72921","","","","","n/a","census-no-match","",""
"7eaa790a-ef79-4337-8268-12328f968bfb","TA Truck Service #326 (at Petro N. Little Rock)","3205 Valentine Rd, North Little Rock, AR 72117","","","","","n/a","census-no-match","",""
"9fb45fb9-5d97-4ed0-911e-352e92f9fd5a","Circle K (Valero) - Lonoke","1954 Highway 31 N, Lonoke, AR 72086","","","","","n/a","census-no-match","",""
"5ea6edb7-8a31-4b40-a59a-aac43a2f9d9c","Truck Parking Club property - 1420 TN-96, Fairview","1420 Highway 96, Fairview, TN","","","","","n/a","census-no-match","",""
"a27c2657-ae16-45da-9332-c6133d808617","US Gas Truck Stop (Carson)","16729 S Crater Rd, Carson, VA 23830","","","","","n/a","census-no-match","",""
"703372a3-ddb0-4201-b738-cab8ded1a1cf","Love's Travel Stop #321","222 KY-770 (Highway 770), Corbin, KY 40701","","","","","n/a","census-no-match","",""
"49a23bf0-18cb-4ee8-b3cc-eaf19114f3d3","CAT Scale — Pilot Travel Center #9, Franklin","6830 Franklin-Lebanon Road, Franklin, OH 45005","","","","","n/a","census-no-match","",""
"85185773-3082-49d5-b2f0-74135faedfe7","CAT Scale at Pilot Travel Center #429","1100 Martin Luther King Jr Dr, West Memphis, AR 72301","","","","","n/a","census-no-match","",""
"5992321e-fdc0-44b7-81ba-b85a783e5d24","CAT Scale - TA Wildwood","556 E State Road 44, Wildwood, FL 34785","","","","","n/a","census-no-match","",""
"da315672-4e7f-4389-a555-4e4b7aa1d94a","Pilot Travel Center #71","7001 GA-21, Port Wentworth, GA 31407","","","","","n/a","census-no-match","",""
"713ec7f7-b945-4cab-8cda-063d5d117e1b","TA Truck Service - Wildwood","556 E State Road 44, Wildwood, FL 34785","","","","","n/a","census-no-match","",""
"1b26d26d-059c-4bb0-adf1-0775ac9da1e8","Super 8 by Wyndham Corbin/London KY","171 W Cumberland Gap Pkwy, Corbin, KY 40701","","","","","n/a","census-no-match","",""
"e5c73805-b895-443e-ad46-5b33992106d6","Pilot Travel Center #90","7300 Okeechobee Rd, Fort Pierce, FL 34945","","","","","n/a","census-no-match","",""
"9691fa24-7dec-48e1-83f0-6c8549f85d40","CAT Scale at Pilot Fort Pierce","7300 Okeechobee Rd, Fort Pierce, FL 34945","","","","","n/a","census-no-match","",""
"d4a2a4fa-6bf3-407f-a16d-eb56851d1818","I-95 South N.C. Welcome Center","I-95 near the South Carolina state line, Rowland, NC 28383","","","","","n/a","census-no-match","",""
"14b53fd6-ea8b-4e2a-8618-128e28612212","Southern Tire Mart #330","3700 N Service Rd, West Memphis, AR 72301","","","","","n/a","census-no-match","",""
"6d944928-3079-4aef-b907-dfab87dadbb1","CAT Scale at ONE9 Travel Center Wildwood","650 GA-299, Wildwood, GA 30757","","","","","n/a","census-no-match","",""
"a1bc2913-40f7-469b-b03b-5ef019d5bb60","Workman's Travel Center - Ozark","3202 Pence Lane, Ozark, AR 72949","","","","","n/a","census-no-match","",""
"1b16d50c-fe90-4999-9174-24b1afd5d87f","CAT Scale — London Travel Plaza (AMBEST)","15 Dogpatch Trading Center, London, KY 40741","","","","","n/a","census-no-match","",""
"930d8058-2612-4312-99fe-c80cc9d03e11","Pilot Travel Center #332","3300 Highway 391 N, North Little Rock, AR 72117","","","","","n/a","census-no-match","",""
"d7f9bcc5-6dd2-4bc5-aa45-004414540bf2","Love's Travel Stop #271","2229 N 3rd St, Ozark, AR 72949","","","","","n/a","census-no-match","",""
"a8d7a25d-dbe1-4cf0-87ba-640ca6973894","Boss Truck Shop #40 (at Love's)","218 KY-770, Corbin, KY 40701","","","","","n/a","census-no-match","",""
"ded68cd3-cdaa-4af2-9cbd-df5f6aaf354c","Love's Truck Care (Speedco) at Lafayette #874","2400 E 200 N, Lafayette, IN 47905","","","","","n/a","census-no-match","",""
"32e1f8ab-7b2c-425d-b046-bf14bd3e1a0a","CAT Scale at Flying J Travel Center #607","3400 Service Loop Rd, West Memphis, AR 72301","","","","","n/a","census-no-match","",""
"97435277-e8a8-49a8-9ff1-0ed17bec85af","Miccosukee Service Plaza","47801 W State Road 84, Ochopee, FL 34141","","","","","n/a","census-no-match","",""
"1b9fd8ed-aee3-458f-9296-7a6a5f5ca340","Southern Tire Mart at Pilot (Hardeeville)","15976 Whyte Hardee Blvd, Hardeeville, SC 29927","","","","","n/a","census-no-match","",""
"6f7fee11-ff4c-445d-b830-d899d682312c","CAT Scale at Flying J Saint Augustine","950 FL-206 W, Saint Augustine, FL 32086","","","","","n/a","census-no-match","",""
"ea928447-ab0f-46a4-9d40-916a91f2ffa2","CAT Scale at Love's Travel Stop #236","11801 E I-40, North Little Rock, AR 72117","","","","","n/a","census-no-match","",""
"7e7568b1-db1e-4d3a-8403-85df63b12990","CAT Scale — Pilot Travel Center #75, Satsuma","6109 US-43 S, Satsuma, AL 36572","","","","","n/a","census-no-match","",""
"a7a13453-9509-4465-98f8-e94a8ff9ff75","Harford Community College Commercial Truck Driving (CDL)","401 Thomas Run Road, Bel Air, MD 21015","","","","","n/a","census-no-match","",""
"ff8e8a78-c506-47cd-a3bf-26f34324389e","Mapco Express #3059","545 Industrial Blvd, Conway, AR 72032","","","","","n/a","census-no-match","",""
"34fc2993-dbed-4d8f-8882-b05e7a4a3942","Pathway Travel Plaza","7746 GA-140, Adairsville, GA 30103","","","","","n/a","census-no-match","",""
"488ef5d6-960c-4504-a163-4c4c8c6d11fc","247 Truck Stop","452 AR-38 E, Widener, AR 72394","","","","","n/a","census-no-match","",""
"03c39975-0f38-4f41-97e7-d50d95b9edf0","Petro Stopping Center #326 (Petro N. Little Rock)","3205 Valentine Rd, North Little Rock, AR 72117","","","","","n/a","census-no-match","",""
"76e36705-8140-4902-8922-1ae83351ce7a","Love's Travel Stop #874","2400 E 200 N, Lafayette, IN 47905","","","","","n/a","census-no-match","",""
"89c2531c-300b-4d19-b9f8-e4f065f2d605","Love's Travel Stop #338","8436 Ford Ave (GA-144), Richmond Hill, GA 31324","","","","","n/a","census-no-match","",""
"17e513b1-c6cb-4d55-a60c-54cf04234398","Truck Parking Club - 250 W Cumberland Gap Pkwy (Corbin)","250 W Cumberland Gap Pkwy, Corbin, KY 40701","","","","","n/a","census-no-match","",""
"a8c59dd9-a02e-41d1-b843-850c5fa78b43","TA Truck Service - Whitestown","5930 E State Road 334, Whitestown, IN 46075","","","","","n/a","census-no-match","",""
"3d065e68-3f21-47d9-8ace-4670366e6fed","Truck Parking Club - 6180 Hagman Rd (Toledo)","6180 Hagman Rd, Toledo, OH 43612","","","","","n/a","census-no-match","",""
"180e7203-8914-4be5-9943-437fe4bb37ff","Clarion Pointe Athens I-65","1322 US Highway 72 East, Athens, AL 35611","","","","","n/a","census-no-match","",""
"1dac7271-b06e-47a7-9845-3ea235276d79","Flying J Travel Center #656","82 White St, Whiteland, IN 46184","","","","","n/a","census-no-match","",""
"877374ab-3d90-4893-a9bd-77893e763ae9","White Glove Towing Service","1777 US 31, Greenwood, IN 46143","","","","","n/a","census-no-match","",""
"1dfbe578-4d95-4f90-b00b-ba6cff921daf","Kentucky Weigh Station - I-75 Southbound (Laurel County)","I-75 Southbound, mile point 34 (Laurel County), London, KY 40744","","","","","n/a","census-no-match","",""
"99e14e2c-5498-4df1-b60b-7ff743aec8ae","Flying J Travel Center #605","42 Bradley Cove Rd, Russellville, AR 72801","","","","","n/a","census-no-match","",""
"5a49d5db-8dcd-4ad8-b10a-b4c6dcacf3a4","Speedway #3547","7837 East Lincoln Highway, Beaverdam, OH 45808","","","","","n/a","census-no-match","",""
"3330b910-184f-4852-a021-4653260d8e46","CAT Scale at Simmons Travel Plaza Emporia","1589 Skippers Rd, Emporia, VA 23847","","","","","n/a","census-no-match","",""
"740eb2a8-11f4-417c-b100-55913cdad7bb","Southern Tire Mart #335","12100 Valentine Rd, North Little Rock, AR 72117","","","","","n/a","census-no-match","",""
"c251431a-ff37-4d55-9b22-1fd126b525aa","Pilot Travel Center #602","224 Daniel Payne Dr, Birmingham, AL 35207","","","","","n/a","census-no-match","",""
"1ccf0377-ac4f-4d85-9b13-c810b44a0045","Days Inn by Wyndham Lonoke","105 Dee Dee Lane, Lonoke, AR 72086","","","","","n/a","census-no-match","",""
"6bd441b6-c0a8-43f2-9c45-b2c9aad57353","Johnston Community College CDL Driver Training","245 College Rd, Smithfield, NC 27577","","","","","n/a","census-no-match","",""
"c372a30e-8b6d-44db-b71f-1a3621ef7a7e","Flying J Travel Center #626","950 FL-206 W, Saint Augustine, FL 32086","","","","","n/a","census-no-match","",""
"98192ea9-07b8-41aa-8b7d-82a96752bd04","CAT Scale at Love's Lafayette #874","2400 E 200 N, Lafayette, IN 47905","","","","","n/a","census-no-match","",""
"b92f4315-9237-42fc-ba92-71c2e383e7cc","CAT Scale at Love's #368","300 Arby Dr, Clanton, AL 35045","","","","","n/a","census-no-match","",""
"25e73d4a-657a-498b-9deb-ceabc08caef4","Love's Truck Care #225, Evergreen","16101 Highway 84, Evergreen, AL 36401","","","","","n/a","census-no-match","",""
"d6bd039a-db3c-449a-a77d-a8c9d46fb7af","Southern Tire Mart at Pilot Flying J","3400 Service Loop Rd, West Memphis, AR 72301","","","","","n/a","census-no-match","",""
"5d4b5503-e66f-42af-89db-63e3bb9eb809","Coastal Chevron / Sunshine Travel Plaza","2040 E 10th St, Woodbine, GA 31569","","","","","n/a","census-no-match","",""
"a3953ace-f227-41eb-8824-30476efb2e60","CAT Scale at Pilot Hardeeville","15976 Whyte Hardee Blvd, Hardeeville, SC 29927","","","","","n/a","census-no-match","",""
"7eb47ea3-8514-41aa-be0d-82f6fbf5e8c3","I-95 Perryville Truck Weigh & Inspection Station (Northbound)","John F. Kennedy Memorial Highway (I-95 NB), Perryville, MD 21903","","","","","n/a","census-no-match","",""
"7d43f079-09a4-4f73-a484-93682b5e28aa","Pilot Travel Center #429","1100 Martin Luther King Jr Dr, West Memphis, AR 72301","","","","","n/a","census-no-match","",""
"b02dc944-f9fc-4392-b5f6-47710831930a","St. Ignace Truck Stop (BP)","917 US-2 W, St. Ignace, MI 49781","","","","","n/a","census-no-match","",""
"48942c6d-d58b-46ad-8a29-906278fceb35","Pilot Travel Center #75","6109 US-43 S, Satsuma, AL 36572","","","","","n/a","census-no-match","",""
"97fcf610-ee57-4801-ab8f-87af7945076d","CAT Scale at TA Whitestown","5930 E State Road 334, Whitestown, IN 46075","","","","","n/a","census-no-match","",""
"aa897b1d-e1de-4ff0-8ae6-45d82b3077c7","CAT Scale at Dolly's Tennessean Travel Stop","3686 Pulaski Highway, Cornersville, TN 37047","","","","","n/a","census-no-match","",""
"bbe85dec-152f-460c-a888-a1eb45ba5af7","CAT Scale — Love's Travel Stop #645, Frenchtown (Monroe)","1609 Nadeau Rd, Frenchtown, MI 48161","","","","","n/a","census-no-match","",""
"2237db27-ede4-4872-9149-f2ea2e2fb8c7","CAT Scale at Love's Yemassee","409 Yemassee Hwy, Yemassee, SC 29945","","","","","n/a","census-no-match","",""
"ac82ce7a-885f-485b-b1f6-b7072af48ca8","Southern Tire Mart at Pilot - Port Wentworth","7001 GA-21, Port Wentworth, GA 31407","","","","","n/a","census-no-match","",""
"2937ca5e-063c-4ac7-b4c4-0e7da286f488","TA Montgomery #111","980 W South Blvd, Montgomery, AL 36105","","","","","n/a","census-no-match","",""
"38cc0860-23d0-41f4-acee-987625766068","CAT Scale at Love's Richmond Hill (#338)","8436 Ford Ave (GA-144), Richmond Hill, GA 31324","","","","","n/a","census-no-match","",""
"77cae36c-db9c-4cbf-832a-dbfbb384389b","CAT Scale at Pro Stop (Sellersburg)","1503 Avco Blvd, Sellersburg, IN 47172","","","","","n/a","census-no-match","",""
"2e036deb-3b94-41b3-9fcb-fd5b71923e44","ONE9 Travel Center (former Pilot Travel Center #254)","650 GA-299, Wildwood, GA 30757","","","","","n/a","census-no-match","",""
"08e36b89-6dee-438f-bd37-edf4a6eab784","Love's Travel Stop #368","300 Arby Dr, Clanton, AL 35045","","","","","n/a","census-no-match","",""
"8a1de13d-bd2e-4ece-ae16-6eae921f024b","Cross Diesel Repair","1065 Owenton Rd, Corinth, KY 41010","","","","","n/a","census-no-match","",""
"64c31cfc-87b8-41a8-a05f-fd70a50df17c","CAT Scale at Pilot Port Wentworth (#71)","7001 GA-21, Port Wentworth, GA 31407","","","","","n/a","census-no-match","",""
"ed7cf6d6-954e-4e3b-8717-b50637452c5a","Baymont by Wyndham Monroe","14774 LaPlaisance Rd, Monroe, MI 48161","","","","","n/a","census-no-match","",""
"4ee402f8-abbf-471f-a9f7-620234b2b192","Days Inn Carlisle","1505 Bobby L Glover Highway, Carlisle, AR 72024","","","","","n/a","census-no-match","",""
"31a18b65-6475-4880-9203-f8d44505a815","Truck & Trailer Parking - Avco Blvd (Sellersburg)","1523 Avco Blvd, Sellersburg, IN 47172","","","","","n/a","census-no-match","",""
"b6d01963-8cf5-47b9-b982-c81a408933b4","Metropolis Truck Plaza","2105 E 5th St, Metropolis, IL 62960","","","","","n/a","census-no-match","",""
"6027611b-b476-48b3-a777-b43b6492b5ae","CAT Scale at Love's Travel Stop #759","3404 Highway 63 N, Hazen, AR 72064","","","","","n/a","census-no-match","",""
"93d11293-5961-44a5-ba5d-ae01bf86716b","Florida Secure Self-Storage — Pembroke Pines","19701 Sheridan St, Pembroke Pines, FL","","","","","n/a","census-no-match","",""
"b1514239-fa54-4699-9b65-609e0283b1cb","US Fuel Mart / Interstate Truck Stop","2185 Grant Rd, Portage, OH","","","","","n/a","census-no-match","",""
"a7039d72-37d9-4b9d-aa5b-084491f3a2f6","Super 8 by Wyndham Jackson","1940 Highway 45 Bypass, Jackson, TN 38305","","","","","n/a","census-rejected","",""
"cbd3eb31-8759-4d5b-9000-9bcd7f5dcd2f","Super 8 by Wyndham Hazen","4167 Highway 63 N, Hazen, AR 72064","","","","","n/a","census-no-match","",""
"964e5e38-d45d-4c4b-812a-c4ecf904bb4e","S & K Bronco BP (Gaylord)","1482 W M-32, Gaylord, MI 49735","","","","","n/a","census-no-match","",""
"0bb17862-7612-4347-8917-657be20158b0","PJ's Country Store (Jump Stop / Valero)","9499 US Highway 70, Lehi, AR","","","","","n/a","census-no-match","",""
"73920f3a-b274-4027-bd03-02dc00c5e3b2","Holiday Inn Express & Suites Findlay North","1920 Express Way, Findlay, OH 45840","","","","","n/a","census-no-match","",""
"8be8a312-d7fe-4b5d-8029-4e4be16db6cd","CAT Scale — Love's Travel Stop #225, Evergreen","16101 US Highway 84, Evergreen, AL 36401","","","","","n/a","census-no-match","",""
"54a65451-113a-452a-9760-bcf055bb5769","CAT Scale (at Love's Travel Stop #451)","5115 N 300 E, Whiteland, IN 46184","","","","","n/a","census-no-match","",""
"2c075ea6-0ffe-4f08-8bcc-9d0a027c1ff3","CAT Scale - Pilot #4556 (Wildwood, 744 SR 44)","744 E State Road 44, Wildwood, FL 34785","","","","","n/a","census-no-match","",""
"b7a1bf29-998f-498a-a44a-0974411802b6","Pilot Travel Center #231","249 W Cumberland Gap Pkwy, Corbin, KY 40701","","","","","n/a","census-no-match","",""
"214dc102-0732-4ffa-85a4-bf40a8856a14","Pit Stop Diner","1073 Highway 78 N, Wheatley, AR 72392","","","","","n/a","census-no-match","",""
"9d0ebd15-c261-4702-a709-a7828d639a9d","Love's Travel Stop #624","2600 W I-65 Service Rd N, Prichard, AL 36612","","","","","n/a","census-no-match","",""
"233d03c8-da5e-4cb2-b239-c48f238ec2a1","Sardis Auto/Truck Plaza","2215 Cale Yarborough Hwy, Sardis, SC","","","","","n/a","census-no-match","",""
"ddf043af-973d-478c-b539-d5e22cd93b5b","Stony Ridge Travel Center / Stony Ridge Truck Plaza","1250 Hamilton-Lebanon Road E, Monroe, OH 45050","","","","","n/a","census-no-match","",""
"c1566ed5-05d1-41ec-b101-6fcb878c1d07","Exit 38 Truck Plaza (Shell)","1024 Highway 192 (192 Bypass), London, KY 40741","","","","","n/a","census-no-match","",""
"aab7a84d-f5c3-436a-a8c4-5b3c181f2ed2","Love's Travel Stop #894","1025 SR 206 W, Saint Augustine, FL 32086","","","","","n/a","census-no-match","",""
"4487c8c2-b9dc-4b24-bf94-e18b76de138e","Love's Travel Stop #225","16101 US Highway 84, Evergreen, AL 36401","","","","","n/a","census-no-match","",""
"10905c05-3522-4be3-892e-19218c42f507","Motor City Truck Plaza","377 S Schaefer Hwy, Detroit, MI 48217","","","","","n/a","census-no-match","",""
"38ffb2aa-c692-4376-9d7c-4b39e745845d","CAT Scale at ONE9 Travel Center Brinkley","2101 US Highway 49, Brinkley, AR 72021","","","","","n/a","census-no-match","",""
"2701ec88-7347-4c3f-bd8d-080b9c8a2798","Truck Parking Club - 4287 S Indianapolis Rd, Whitestown","4287 S Indianapolis Rd, Whitestown, IN 46075","","","","","n/a","census-no-match","",""
"8edd2af2-0264-4f08-aa18-6eb37b42e1c1","Speedco - Love's Travel Stop #905, Beaverdam","416 Village Avenue, Beaverdam, OH 45808","","","","","n/a","census-no-match","",""
"ea9dc82f-67a9-4e54-b0b9-10a0ebe33359","CAT Scale - Pilot Travel Center #602, Birmingham","224 Daniel Payne Dr, Birmingham, AL 35207","","","","","n/a","census-no-match","",""
"b2af1bed-36cf-4497-8e3d-d2c2209fca12","Love's Travel Stop #740","409 Yemassee Hwy, Yemassee, SC 29945","","","","","n/a","census-no-match","",""
"34933f4a-2f1f-46aa-ae03-e94c7050a0a3","Love's Speedco #952 (Whiteland)","4804 N White St, Whiteland, IN 46184","","","","","n/a","census-no-match","",""
"58ed9375-a7ad-4139-95ec-8c928564778c","Pilot Travel Center #4556 (Wildwood, 744 SR 44)","744 E State Road 44, Wildwood, FL 34785","","","","","n/a","census-no-match","",""
"0fd1e82b-0a8e-410b-9af9-8787d6ab89b8","TA Whitestown (TravelCenters of America #173)","5930 E State Road 334, Whitestown, IN 46075","","","","","n/a","census-no-match","",""
"394f5b7a-2970-453b-91d4-fc87c30a51a0","Flying J Travel Center #607","3400 Service Loop Rd, West Memphis, AR 72301","","","","","n/a","census-no-match","",""
"66990611-5600-4c2b-be68-7e14bc61820f","Holiday Inn Express & Suites Lonoke I-40 (Exit 175)","104 Dee Dee Lane, Lonoke, AR 72086","","","","","n/a","census-no-match","",""
"c98c8bbd-c96d-42dd-8250-6114418fac02","Shell Super Stop","4369 Highway 63 N, Hazen, AR","","","","","n/a","census-no-match","",""
"52615e2d-bbbe-45e7-8acc-4e95824179c8","Kenworth of Sellersburg (Palmer Trucks)","1503 Avco Blvd, Sellersburg, IN 47172","","","","","n/a","census-no-match","",""
"4851db39-17a3-4025-877d-966353811088","Motel 6 West Memphis","2315 E Service Rd, West Memphis, AR 72301","","","","","n/a","census-no-match","",""
"dfc83f1a-51ce-4d8a-a0d4-15b3955ee28d","Circle K (Ringgold Travel Center)","11418 Hwy 41, Ringgold, GA 30736","","","","","n/a","census-no-match","",""
"245d9e0f-cb95-461e-822a-e458c03212ed","TA Wildwood (TravelCenters of America)","556 E State Road 44, Wildwood, FL 34785","","","","","n/a","census-no-match","",""
"b8b8025b-b522-4eb1-90bc-ae35d7023de0","CAT Scale at Workman's Travel Center","3202 Pence Lane, Ozark, AR 72949","","","","","n/a","census-no-match","",""
"69f1f244-c4c0-480b-9e95-f1b02554cb6b","ONE9 Travel Center (Pilot Company)","2101 US Highway 49, Brinkley, AR 72021","","","","","n/a","census-no-match","",""
"fe6917b6-5da4-42db-a6ab-e533a1101e62","Love's Travel Stop #363 (Ocala)","7791 NW 47th Ave, Ocala, FL 34482","","","","","n/a","census-no-match","",""
"22ab6bbc-2890-4b91-bb54-c04c6dd80a89","Wildwood Truck Wash","422 E State Road 44, Wildwood, FL 34785","","","","","n/a","census-no-match","",""
"86f3090a-0f4e-4103-a7c5-befcbd96aa85","Love's Truck Care - Baxter","110 Fast Ln, Baxter, TN 38544","","","","","n/a","census-no-match","",""
"5c78823e-ad8c-4072-a019-f167a2846019","CAT Scale (at Flying J Travel Center #656)","82 White St, Whiteland, IN 46184","","","","","n/a","census-no-match","",""
"0b34c58e-1c6e-4138-a978-f49cbf546920","CAT Scale — Love's Travel Stop #470, Jasper","11459 SW 61st Way, Jasper, FL 32052","","","","","n/a","census-no-match","",""
"b90f8a31-7e91-45ae-beb4-814184f70330","Super 8 by Wyndham Metropolis","2055 E 5th St, Metropolis, IL 62960","","","","","n/a","census-no-match","",""
"ee131041-98e4-4917-a09b-dcdca1d5ed0c","RecNation Storage - Ruskin (Truck Parking)","1415 3rd St NE, Ruskin, FL 33570","","","","","n/a","census-no-match","",""
"9286ea5b-259f-47ce-a075-eec19375191e","Quality Inn West Memphis I-40","1009 E Service Rd, West Memphis, AR 72301","","","","","n/a","census-no-match","",""
"5ee50208-ea02-4cbd-8477-5f7469cc0385","Love's Truck Care / Speedco - Love's Travel Stop #321, Corbin","222 KY-770, Corbin, KY 40701","","","","","n/a","census-no-match","",""
"8efeac67-b7ef-4e1b-8f82-977316b3137a","Simmons Travel Plaza","1589 Skippers Rd, Emporia, VA 23847","","","","","n/a","census-no-match","",""
"062c24f7-7145-41f3-97f7-431b2d8965b3","Pilot Travel Center #6990","1000 Truckstop Rd, Kenly, NC 27542","","","","","n/a","census-no-match","",""
"866d463e-0f44-43fe-984f-33291dd073f0","CAT Scale — TA Montgomery, Montgomery","980 W South Blvd, Montgomery, AL 36105","","","","","n/a","census-no-match","",""
"b5213d8a-633f-4d73-9172-7ec041bc1cc0","Speedco at Love's Travel Stop #759","3404 Highway 63 N, Hazen, AR 72064","","","","","n/a","census-no-match","",""
"0e545ab7-6774-47b5-8f58-30d40f795728","Sheetz #804","310 Chicken Foot Rd, Hope Mills, NC 28348","","","","","n/a","census-no-match","",""
"3e75627b-f631-421e-ae02-45d39777a67b","Conway Diesel Service — Evergreen","100 Conway Ln, Evergreen, AL 36401","","","","","n/a","census-no-match","",""
"bd45a0c6-862a-4c3b-a2ae-8ef2a07781c2","Asheville Weigh Station (NC State Highway Patrol)","I-40 eastbound and westbound, approx. 12 miles west of Asheville (Buncombe County), Asheville, NC","","","","","n/a","census-no-match","",""
"b23b7bb8-2aab-4205-bdd6-173a12dd5b3e","Noble's Restaurant and Truck Stop","1065 Owenton Rd, Corinth, KY 41010","","","","","n/a","census-no-match","",""
"5bb26e5f-300b-4e53-856d-4e29876dee0e","Fuel Mart of America","335 S Schaefer Hwy, Detroit, MI 48217","","","","","n/a","census-no-match","",""
"8518cd23-a383-4308-bf0a-48a23448d54d","Mackinaw City Citgo","14992 N Mackinaw Hwy, Mackinaw City, MI","","","","","n/a","census-no-match","",""
"813c39be-1860-413a-8aaf-86ca8b26e8a3","Super 8 by Wyndham Ocala I-75","3924 W Silver Springs Blvd, Ocala, FL 34482","","","","","n/a","census-no-match","",""
"f53939a7-5718-4d0b-b511-3ab367de0fa7","Arkansas Welcome Center at West Memphis","704 E Service Rd N, West Memphis, AR 72303","","","","","n/a","census-no-match","",""
"5ff985fa-b430-487b-8217-485a94e97d7d","CAT Scale at Petro Stopping Center #326","3205 Valentine Rd, North Little Rock, AR 72117","","","","","n/a","census-no-match","",""
"ff14e2af-f0a7-4e65-a341-c15aab36fe6e","Pro Stop (Pilot Flying J Dealer #962)","1503 Avco Blvd, Sellersburg, IN 47172","","","","","n/a","census-no-match","",""
"21dc37d4-6706-44d4-8dee-b871cdce17d4","Love's Truck Care #368","300 Arby Dr, Clanton, AL 35045","","","","","n/a","census-no-match","",""
"683aa9c6-51fa-479d-8042-b597b0bf2958","CAT Scale at Pilot Travel Center #332","3300 Highway 391 N, North Little Rock, AR 72117","","","","","n/a","census-no-match","",""
"fb8d0e91-7e7c-4302-a44f-dfe3d998bdc8","El Cheapo #54 (Texaco)","13109 Hwy 251, Darien, GA 31305","","","","","n/a","census-no-match","",""
"faa5e68a-557a-4258-bcee-90397f126864","Henryville Rest Area (Southbound)","21505 S I-65, Henryville, IN 47126","","","","","n/a","census-no-match","",""
"c7d92966-ddcd-4536-8992-193b66e21c6f","Dumfries Weigh Station (Northbound)","I-95 Northbound near Dumfries, Dumfries, VA 22025","","","","","n/a","census-no-match","",""
"020975e1-13ef-41d9-a02e-c94d8ba05896","CAT Scale — Love's Travel Stop #624, Prichard","2600 W I-65 Service Rd N, Prichard, AL 36612","","","","","n/a","census-no-match","",""
"05c35c41-6e8f-481f-a2f7-5f50e91170df","CAT Scale — Love's Travel Stop #363, Ocala","7791 NW 47th Avenue, Ocala, FL 34482","","","","","n/a","census-no-match","",""
"b5d906d6-22c5-4ed5-b39e-b8eea589346d","Love's Travel Stop #759","3404 Highway 63 N, Hazen, AR 72064","","","","","n/a","census-no-match","",""
"2a3d7c32-e385-41db-9b12-6111d7fa91fc","I-95/I-495 Commercial Vehicle Weigh & Inspection Station (MSP CVED)","I-95/I-495 near US 1, College Park, MD 20740","","","","","n/a","census-no-match","",""
"b139516b-3826-4241-90b1-050b8b83b179","CAT Scale at Flying J Travel Center #605","42 Bradley Cove Rd, Russellville, AR 72801","","","","","n/a","census-no-match","",""
"65d7a9c2-d5e3-4bcc-8cdc-4b20bcbf2fc8","Blue Beacon Truck Wash of Whiteland","142 White St, Whiteland, IN 46184","","","","","n/a","census-no-match","",""
"e0b210c3-6279-48a6-b091-059a2aa3a3ca","TA Truck Service — Montgomery","980 W South Blvd, Montgomery, AL 36105","","","","","n/a","census-no-match","",""
