db_id,name,state,city,category_slug,is_published,bucket,reason
(see id map note),TA Greensboro,NC,Whitsett,truck-stops,true,exact-match,"imported 2026-07-25; value digest 2ac6c659… proves production still equals the import CSV, which equals the current official master"
(see id map note),TA Brookville,PA,Brookville,truck-stops,true,exact-match,"imported 2026-07-25; value digest 2ac6c659… proves production still equals the import CSV, which equals the current official master"
(see id map note),TA Columbia,NJ,Columbia,truck-stops,true,exact-match,"imported 2026-07-25; value digest 2ac6c659… proves production still equals the import CSV, which equals the current official master"
(see id map note),TA Eloy,AZ,Eloy,truck-stops,true,exact-match,"imported 2026-07-25; value digest 2ac6c659… proves production still equals the import CSV, which equals the current official master"
(see id map note),TA Gallup,NM,Gallup,truck-stops,true,exact-match,"imported 2026-07-25; value digest 2ac6c659… proves production still equals the import CSV, which equals the current official master"
(see id map note),TA Dayton,OH,Eaton,truck-stops,true,exact-match,"imported 2026-07-25; value digest 2ac6c659… proves production still equals the import CSV, which equals the current official master"
(see id map note),TA Harrisburg,PA,Harrisburg,truck-stops,true,exact-match,"imported 2026-07-25; value digest 2ac6c659… proves production still equals the import CSV, which equals the current official master"
(see id map note),TA Las Cruces,NM,Las Cruces,truck-stops,true,exact-match,"imported 2026-07-25; value digest 2ac6c659… proves production still equals the import CSV, which equals the current official master"
(see id map note),TA Lodi,OH,Seville,truck-stops,true,exact-match,"imported 2026-07-25; value digest 2ac6c659… proves production still equals the import CSV, which equals the current official master"
(see id map note),TA Tuscaloosa,AL,Tuscaloosa,truck-stops,true,exact-match,"imported 2026-07-25; value digest 2ac6c659… proves production still equals the import CSV, which equals the current official master"
(see id map note),TA Baytown,TX,Baytown,truck-stops,true,exact-match,"imported 2026-07-25; value digest 2ac6c659… proves production still equals the import CSV, which equals the current official master"
(see id map note),TA Willington,CT,Willington,truck-stops,true,exact-match,"imported 2026-07-25; value digest 2ac6c659… proves production still equals the import CSV, which equals the current official master"
(see id map note),TA Santa Rosa,NM,Santa Rosa,truck-stops,true,exact-match,"imported 2026-07-25; value digest 2ac6c659… proves production still equals the import CSV, which equals the current official master"
(see id map note),TA London,OH,London,truck-stops,true,exact-match,"imported 2026-07-25; value digest 2ac6c659… proves production still equals the import CSV, which equals the current official master"
(see id map note),TA Spartanburg,SC,Duncan,truck-stops,true,exact-match,"imported 2026-07-25; value digest 2ac6c659… proves production still equals the import CSV, which equals the current official master"
(see id map note),Petro Ontario,CA,Ontario,truck-stops,true,exact-match,"imported 2026-07-25; value digest 2ac6c659… proves production still equals the import CSV, which equals the current official master"
(see id map note),TA Kingsville,OH,Kingsville,truck-stops,true,exact-match,"imported 2026-07-25; value digest 2ac6c659… proves production still equals the import CSV, which equals the current official master"
(see id map note),TA Chicago North,IL,Zion,truck-stops,true,exact-match,"imported 2026-07-25; value digest 2ac6c659… proves production still equals the import CSV, which equals the current official master"
(see id map note),TA Wheeling,WV,Valley Grove,truck-stops,true,exact-match,"imported 2026-07-25; value digest 2ac6c659… proves production still equals the import CSV, which equals the current official master"
(see id map note),TA Effingham,IL,Effingham,truck-stops,true,exact-match,"imported 2026-07-25; value digest 2ac6c659… proves production still equals the import CSV, which equals the current official master"
(see id map note),TA Oklahoma City East,OK,Oklahoma City,truck-stops,true,exact-match,"imported 2026-07-25; value digest 2ac6c659… proves production still equals the import CSV, which equals the current official master"
(see id map note),TA Hebron,OH,Hebron,truck-stops,true,exact-match,"imported 2026-07-25; value digest 2ac6c659… proves production still equals the import CSV, which equals the current official master"
(see id map note),TA Coachella,CA,Coachella,truck-stops,true,exact-match,"imported 2026-07-25; value digest 2ac6c659… proves production still equals the import CSV, which equals the current official master"
(see id map note),TA Mt Vernon,IL,Mt. Vernon,truck-stops,true,exact-match,"imported 2026-07-25; value digest 2ac6c659… proves production still equals the import CSV, which equals the current official master"
(see id map note),TA Elgin,IL,Hampshire,truck-stops,true,exact-match,"imported 2026-07-25; value digest 2ac6c659… proves production still equals the import CSV, which equals the current official master"
(see id map note),TA Madison,GA,Madison,truck-stops,true,exact-match,"imported 2026-07-25; value digest 2ac6c659… proves production still equals the import CSV, which equals the current official master"
(see id map note),TA Tallulah,LA,Tallulah,truck-stops,true,exact-match,"imported 2026-07-25; value digest 2ac6c659… proves production still equals the import CSV, which equals the current official master"
(see id map note),TA Meridian,MS,Meridian,truck-stops,true,exact-match,"imported 2026-07-25; value digest 2ac6c659… proves production still equals the import CSV, which equals the current official master"
(see id map note),TA Bloomsbury,NJ,Bloomsbury,truck-stops,true,exact-match,"imported 2026-07-25; value digest 2ac6c659… proves production still equals the import CSV, which equals the current official master"
(see id map note),TA Rockwall,TX,Rockwall,truck-stops,true,exact-match,"imported 2026-07-25; value digest 2ac6c659… proves production still equals the import CSV, which equals the current official master"
(see id map note),TA Madison,WI,DeForest,truck-stops,true,exact-match,"imported 2026-07-25; value digest 2ac6c659… proves production still equals the import CSV, which equals the current official master"
(see id map note),TA Matthews,MO,Matthews,truck-stops,true,exact-match,"imported 2026-07-25; value digest 2ac6c659… proves production still equals the import CSV, which equals the current official master"
(see id map note),TA Oak Grove,MO,Oak Grove,truck-stops,true,exact-match,"imported 2026-07-25; value digest 2ac6c659… proves production still equals the import CSV, which equals the current official master"
(see id map note),TA Mobile,AL,Grand Bay,truck-stops,true,exact-match,"imported 2026-07-25; value digest 2ac6c659… proves production still equals the import CSV, which equals the current official master"
(see id map note),TA Amarillo,TX,Amarillo,truck-stops,true,exact-match,"imported 2026-07-25; value digest 2ac6c659… proves production still equals the import CSV, which equals the current official master"
(see id map note),TA Aurora,OR,Aurora,truck-stops,true,exact-match,"imported 2026-07-25; value digest 2ac6c659… proves production still equals the import CSV, which equals the current official master"
(see id map note),TA Redding,CA,Redding,truck-stops,true,exact-match,"imported 2026-07-25; value digest 2ac6c659… proves production still equals the import CSV, which equals the current official master"
(see id map note),TA Youngstown,OH,Youngstown,truck-stops,true,exact-match,"imported 2026-07-25; value digest 2ac6c659… proves production still equals the import CSV, which equals the current official master"
(see id map note),TA Oklahoma City West,OK,Oklahoma City,truck-stops,true,exact-match,"imported 2026-07-25; value digest 2ac6c659… proves production still equals the import CSV, which equals the current official master"
(see id map note),TA Tooele,UT,Salt Lake City,truck-stops,true,exact-match,"imported 2026-07-25; value digest 2ac6c659… proves production still equals the import CSV, which equals the current official master"
(see id map note),TA Council Bluffs,IA,Council Bluffs,truck-stops,true,exact-match,"imported 2026-07-25; value digest 2ac6c659… proves production still equals the import CSV, which equals the current official master"
(see id map note),TA Barkeyville,PA,Harrisville,truck-stops,true,exact-match,"imported 2026-07-25; value digest 2ac6c659… proves production still equals the import CSV, which equals the current official master"
(see id map note),TA Lamar,PA,Lamar,truck-stops,true,exact-match,"imported 2026-07-25; value digest 2ac6c659… proves production still equals the import CSV, which equals the current official master"
(see id map note),TA Janesville,WI,Janesville,truck-stops,true,exact-match,"imported 2026-07-25; value digest 2ac6c659… proves production still equals the import CSV, which equals the current official master"
(see id map note),TA Walcott,IA,Walcott,truck-stops,true,exact-match,"imported 2026-07-25; value digest 2ac6c659… proves production still equals the import CSV, which equals the current official master"
(see id map note),TA Albuquerque,NM,Albuquerque,truck-stops,true,exact-match,"imported 2026-07-25; value digest 2ac6c659… proves production still equals the import CSV, which equals the current official master"
(see id map note),TA Toledo,OH,Perrysburg,truck-stops,true,exact-match,"imported 2026-07-25; value digest 2ac6c659… proves production still equals the import CSV, which equals the current official master"
(see id map note),TA Ann Arbor,MI,Dexter,truck-stops,true,exact-match,"imported 2026-07-25; value digest 2ac6c659… proves production still equals the import CSV, which equals the current official master"
(see id map note),TA Ogallala,NE,Ogallala,truck-stops,true,exact-match,"imported 2026-07-25; value digest 2ac6c659… proves production still equals the import CSV, which equals the current official master"
(see id map note),TA Oakley,KS,Oakley,truck-stops,true,exact-match,"imported 2026-07-25; value digest 2ac6c659… proves production still equals the import CSV, which equals the current official master"
(see id map note),TA Bloomington,IL,Bloomington,truck-stops,true,exact-match,"imported 2026-07-25; value digest 2ac6c659… proves production still equals the import CSV, which equals the current official master"
(see id map note),TA Kingman,AZ,Kingman,truck-stops,true,exact-match,"imported 2026-07-25; value digest 2ac6c659… proves production still equals the import CSV, which equals the current official master"
(see id map note),TA North Canton,OH,Canton,truck-stops,true,exact-match,"imported 2026-07-25; value digest 2ac6c659… proves production still equals the import CSV, which equals the current official master"
(see id map note),TA Las Vegas,NV,Las Vegas,truck-stops,true,exact-match,"imported 2026-07-25; value digest 2ac6c659… proves production still equals the import CSV, which equals the current official master"
(see id map note),TA Sawyer,MI,Sawyer,truck-stops,true,exact-match,"imported 2026-07-25; value digest 2ac6c659… proves production still equals the import CSV, which equals the current official master"
(see id map note),TA Antioch,TN,Antioch,truck-stops,true,exact-match,"imported 2026-07-25; value digest 2ac6c659… proves production still equals the import CSV, which equals the current official master"
(see id map note),TA Strafford,MO,Strafford,truck-stops,true,exact-match,"imported 2026-07-25; value digest 2ac6c659… proves production still equals the import CSV, which equals the current official master"
(see id map note),TA Jeffersonville,OH,Jeffersonville,truck-stops,true,exact-match,"imported 2026-07-25; value digest 2ac6c659… proves production still equals the import CSV, which equals the current official master"
(see id map note),TA Wytheville,VA,Wytheville,truck-stops,true,exact-match,"imported 2026-07-25; value digest 2ac6c659… proves production still equals the import CSV, which equals the current official master"
(see id map note),TA San Antonio,TX,San Antonio,truck-stops,true,exact-match,"imported 2026-07-25; value digest 2ac6c659… proves production still equals the import CSV, which equals the current official master"
(see id map note),TA Commerce City,CO,Commerce City,truck-stops,true,exact-match,"imported 2026-07-25; value digest 2ac6c659… proves production still equals the import CSV, which equals the current official master"
(see id map note),TA Hurricane,WV,Hurricane,truck-stops,true,exact-match,"imported 2026-07-25; value digest 2ac6c659… proves production still equals the import CSV, which equals the current official master"
(see id map note),TA Dallas South,TX,Dallas,truck-stops,true,exact-match,"imported 2026-07-25; value digest 2ac6c659… proves production still equals the import CSV, which equals the current official master"
(see id map note),TA Sayre,OK,Sayre,truck-stops,true,exact-match,"imported 2026-07-25; value digest 2ac6c659… proves production still equals the import CSV, which equals the current official master"
(see id map note),TA Laredo,TX,Laredo,truck-stops,true,exact-match,"imported 2026-07-25; value digest 2ac6c659… proves production still equals the import CSV, which equals the current official master"
(see id map note),TA Southington,CT,Milldale,truck-stops,true,exact-match,"imported 2026-07-25; value digest 2ac6c659… proves production still equals the import CSV, which equals the current official master"
(see id map note),TA Commerce,GA,Commerce,truck-stops,true,exact-match,"imported 2026-07-25; value digest 2ac6c659… proves production still equals the import CSV, which equals the current official master"
(see id map note),TA Express Tampa,FL,Seffner,truck-stops,true,exact-match,"imported 2026-07-25; value digest 2ac6c659… proves production still equals the import CSV, which equals the current official master"
(see id map note),TA Buttonwillow,CA,Buttonwillow,truck-stops,true,exact-match,"imported 2026-07-25; value digest 2ac6c659… proves production still equals the import CSV, which equals the current official master"
(see id map note),TA Lafayette,LA,Lafayette,truck-stops,true,exact-match,"imported 2026-07-25; value digest 2ac6c659… proves production still equals the import CSV, which equals the current official master"
(see id map note),TA Ontario,CA,Ontario,truck-stops,true,exact-match,"imported 2026-07-25; value digest 2ac6c659… proves production still equals the import CSV, which equals the current official master"
(see id map note),TA Santa Nella,CA,Santa Nella,truck-stops,true,exact-match,"imported 2026-07-25; value digest 2ac6c659… proves production still equals the import CSV, which equals the current official master"
(see id map note),TA Boise,ID,Boise,truck-stops,true,exact-match,"imported 2026-07-25; value digest 2ac6c659… proves production still equals the import CSV, which equals the current official master"
(see id map note),TA Livingston,CA,Livingston,truck-stops,true,exact-match,"imported 2026-07-25; value digest 2ac6c659… proves production still equals the import CSV, which equals the current official master"
(see id map note),TA Express New Haven,CT,Branford,truck-stops,true,exact-match,"imported 2026-07-25; value digest 2ac6c659… proves production still equals the import CSV, which equals the current official master"
(see id map note),TA Sparks,NV,Sparks,truck-stops,true,exact-match,"imported 2026-07-25; value digest 2ac6c659… proves production still equals the import CSV, which equals the current official master"
(see id map note),TA Wheat Ridge,CO,Wheat Ridge,truck-stops,true,exact-match,"imported 2026-07-25; value digest 2ac6c659… proves production still equals the import CSV, which equals the current official master"
(see id map note),TA Foristell,MO,Foristell,truck-stops,true,exact-match,"imported 2026-07-25; value digest 2ac6c659… proves production still equals the import CSV, which equals the current official master"
(see id map note),TA Seattle East,WA,North Bend,truck-stops,true,exact-match,"imported 2026-07-25; value digest 2ac6c659… proves production still equals the import CSV, which equals the current official master"
(see id map note),TA Marianna,FL,Marianna,truck-stops,true,exact-match,"imported 2026-07-25; value digest 2ac6c659… proves production still equals the import CSV, which equals the current official master"
(see id map note),TA Slidell,LA,Slidell,truck-stops,true,exact-match,"imported 2026-07-25; value digest 2ac6c659… proves production still equals the import CSV, which equals the current official master"
(see id map note),TA Mill City,NV,Mill City,truck-stops,true,exact-match,"imported 2026-07-25; value digest 2ac6c659… proves production still equals the import CSV, which equals the current official master"
(see id map note),TA Troutdale,OR,Troutdale,truck-stops,true,exact-match,"imported 2026-07-25; value digest 2ac6c659… proves production still equals the import CSV, which equals the current official master"
(see id map note),TA Express Parowan,UT,Parowan,truck-stops,true,exact-match,"imported 2026-07-25; value digest 2ac6c659… proves production still equals the import CSV, which equals the current official master"
(see id map note),TA Cheyenne,WY,Burns,truck-stops,true,exact-match,"imported 2026-07-25; value digest 2ac6c659… proves production still equals the import CSV, which equals the current official master"
(see id map note),TA Ft. Bridger,WY,Ft. Bridger,truck-stops,true,exact-match,"imported 2026-07-25; value digest 2ac6c659… proves production still equals the import CSV, which equals the current official master"
(see id map note),TA Grand Island,NE,Alda,truck-stops,true,exact-match,"imported 2026-07-25; value digest 2ac6c659… proves production still equals the import CSV, which equals the current official master"
(see id map note),TA Pembroke,NY,Corfu,truck-stops,true,exact-match,"imported 2026-07-25; value digest 2ac6c659… proves production still equals the import CSV, which equals the current official master"
(see id map note),TA Troy,IL,Troy,truck-stops,true,exact-match,"imported 2026-07-25; value digest 2ac6c659… proves production still equals the import CSV, which equals the current official master"
(see id map note),TA Davy Crockett Travel Center,TN,Greeneville,truck-stops,true,exact-match,"imported 2026-07-25; value digest 2ac6c659… proves production still equals the import CSV, which equals the current official master"
(see id map note),TA Binghamton,NY,Binghamton,truck-stops,true,exact-match,"imported 2026-07-25; value digest 2ac6c659… proves production still equals the import CSV, which equals the current official master"
(see id map note),TA Dansville,NY,Dansville,truck-stops,true,exact-match,"imported 2026-07-25; value digest 2ac6c659… proves production still equals the import CSV, which equals the current official master"
(see id map note),TA Maybrook,NY,Montgomery,truck-stops,true,exact-match,"imported 2026-07-25; value digest 2ac6c659… proves production still equals the import CSV, which equals the current official master"
(see id map note),TA Greenland,NH,Greenland,truck-stops,true,exact-match,"imported 2026-07-25; value digest 2ac6c659… proves production still equals the import CSV, which equals the current official master"
(see id map note),TA Bloomsburg,PA,Bloomsburg,truck-stops,true,exact-match,"imported 2026-07-25; value digest 2ac6c659… proves production still equals the import CSV, which equals the current official master"
(see id map note),TA Greencastle,PA,Greencastle,truck-stops,true,exact-match,"imported 2026-07-25; value digest 2ac6c659… proves production still equals the import CSV, which equals the current official master"
(see id map note),TA Milesburg,PA,Milesburg,truck-stops,true,exact-match,"imported 2026-07-25; value digest 2ac6c659… proves production still equals the import CSV, which equals the current official master"
(see id map note),TA Harborcreek,PA,Erie,truck-stops,true,exact-match,"imported 2026-07-25; value digest 2ac6c659… proves production still equals the import CSV, which equals the current official master"
(see id map note),TA Porter,IN,Porter,truck-stops,true,exact-match,"imported 2026-07-25; value digest 2ac6c659… proves production still equals the import CSV, which equals the current official master"
(see id map note),TA Prescott,AR,Prescott,truck-stops,true,exact-match,"imported 2026-07-25; value digest 2ac6c659… proves production still equals the import CSV, which equals the current official master"
(see id map note),TA Tonopah,AZ,Tonopah,truck-stops,true,exact-match,"imported 2026-07-25; value digest 2ac6c659… proves production still equals the import CSV, which equals the current official master"
(see id map note),TA Willcox,AZ,Willcox,truck-stops,true,exact-match,"imported 2026-07-25; value digest 2ac6c659… proves production still equals the import CSV, which equals the current official master"
(see id map note),TA Barstow,CA,Barstow,truck-stops,true,exact-match,"imported 2026-07-25; value digest 2ac6c659… proves production still equals the import CSV, which equals the current official master"
(see id map note),TA Limon,CO,Limon,truck-stops,true,exact-match,"imported 2026-07-25; value digest 2ac6c659… proves production still equals the import CSV, which equals the current official master"
(see id map note),TA Moriarty,NM,Moriarty,truck-stops,true,exact-match,"imported 2026-07-25; value digest 2ac6c659… proves production still equals the import CSV, which equals the current official master"
(see id map note),TA Big Spring,TX,Big Spring,truck-stops,true,exact-match,"imported 2026-07-25; value digest 2ac6c659… proves production still equals the import CSV, which equals the current official master"
(see id map note),TA Ganado,TX,Ganado,truck-stops,true,exact-match,"imported 2026-07-25; value digest 2ac6c659… proves production still equals the import CSV, which equals the current official master"
(see id map note),TA New Braunfels,TX,New Braunfels,truck-stops,true,exact-match,"imported 2026-07-25; value digest 2ac6c659… proves production still equals the import CSV, which equals the current official master"
(see id map note),TA Terrell,TX,Terrell,truck-stops,true,exact-match,"imported 2026-07-25; value digest 2ac6c659… proves production still equals the import CSV, which equals the current official master"
(see id map note),TA Rawlins,WY,Rawlins,truck-stops,true,exact-match,"imported 2026-07-25; value digest 2ac6c659… proves production still equals the import CSV, which equals the current official master"
(see id map note),TA Edinburg,TX,Edinburg,truck-stops,true,exact-match,"imported 2026-07-25; value digest 2ac6c659… proves production still equals the import CSV, which equals the current official master"
(see id map note),TA Morris,IL,Morris,truck-stops,true,exact-match,"imported 2026-07-25; value digest 2ac6c659… proves production still equals the import CSV, which equals the current official master"
(see id map note),TA Greenwood,LA,Greenwood,truck-stops,true,exact-match,"imported 2026-07-25; value digest 2ac6c659… proves production still equals the import CSV, which equals the current official master"
(see id map note),Petro Columbia,SC,Columbia,truck-stops,true,exact-match,"imported 2026-07-25; value digest 2ac6c659… proves production still equals the import CSV, which equals the current official master"
(see id map note),TA Wheeler Ridge,CA,Arvin,truck-stops,true,exact-match,"imported 2026-07-25; value digest 2ac6c659… proves production still equals the import CSV, which equals the current official master"
(see id map note),TA DeMotte,IN,DeMotte,truck-stops,true,exact-match,"imported 2026-07-25; value digest 2ac6c659… proves production still equals the import CSV, which equals the current official master"
(see id map note),TA Battle Creek,MI,Battle Creek,truck-stops,true,exact-match,"imported 2026-07-25; value digest 2ac6c659… proves production still equals the import CSV, which equals the current official master"
(see id map note),TA Holbrook,AZ,Holbrook,truck-stops,true,exact-match,"imported 2026-07-25; value digest 2ac6c659… proves production still equals the import CSV, which equals the current official master"
(see id map note),TA Baldwin,FL,Baldwin,truck-stops,true,exact-match,"imported 2026-07-25; value digest 2ac6c659… proves production still equals the import CSV, which equals the current official master"
(see id map note),TA Jacksonville South,FL,Jacksonville,truck-stops,true,exact-match,"imported 2026-07-25; value digest 2ac6c659… proves production still equals the import CSV, which equals the current official master"
(see id map note),TA Mocksville,NC,Mocksville,truck-stops,true,exact-match,"imported 2026-07-25; value digest 2ac6c659… proves production still equals the import CSV, which equals the current official master"
(see id map note),TA Beto Junction,KS,Lebo,truck-stops,true,exact-match,"imported 2026-07-25; value digest 2ac6c659… proves production still equals the import CSV, which equals the current official master"
(see id map note),TA West Greenwich,RI,West Greenwich,truck-stops,true,exact-match,"imported 2026-07-25; value digest 2ac6c659… proves production still equals the import CSV, which equals the current official master"
(see id map note),TA Brooklyn,IA,Brooklyn,truck-stops,true,exact-match,"imported 2026-07-25; value digest 2ac6c659… proves production still equals the import CSV, which equals the current official master"
(see id map note),TA Clayton,IN,Clayton,truck-stops,true,exact-match,"imported 2026-07-25; value digest 2ac6c659… proves production still equals the import CSV, which equals the current official master"
(see id map note),TA Express Alexander,ND,Alexander,truck-stops,true,exact-match,"imported 2026-07-25; value digest 2ac6c659… proves production still equals the import CSV, which equals the current official master"
(see id map note),TA Laurel,MT,Laurel,truck-stops,true,exact-match,"imported 2026-07-25; value digest 2ac6c659… proves production still equals the import CSV, which equals the current official master"
(see id map note),TA Denton,TX,Denton,truck-stops,true,exact-match,"imported 2026-07-25; value digest 2ac6c659… proves production still equals the import CSV, which equals the current official master"
(see id map note),TA Atlanta South,GA,Jackson,truck-stops,true,exact-match,"imported 2026-07-25; value digest 2ac6c659… proves production still equals the import CSV, which equals the current official master"
(see id map note),TA Bernardo,TX,Sealy,truck-stops,true,exact-match,"imported 2026-07-25; value digest 2ac6c659… proves production still equals the import CSV, which equals the current official master"
(see id map note),TA Express Steele,ND,Steele,truck-stops,true,exact-match,"imported 2026-07-25; value digest 2ac6c659… proves production still equals the import CSV, which equals the current official master"
(see id map note),TA Express Hot Springs,SD,Hot Springs,truck-stops,true,exact-match,"imported 2026-07-25; value digest 2ac6c659… proves production still equals the import CSV, which equals the current official master"
(see id map note),TA Express Summit,SD,Summit,truck-stops,true,exact-match,"imported 2026-07-25; value digest 2ac6c659… proves production still equals the import CSV, which equals the current official master"
(see id map note),TA Express Vermillion,SD,Burbank,truck-stops,true,exact-match,"imported 2026-07-25; value digest 2ac6c659… proves production still equals the import CSV, which equals the current official master"
(see id map note),TA Huntington,OR,Huntington,truck-stops,true,exact-match,"imported 2026-07-25; value digest 2ac6c659… proves production still equals the import CSV, which equals the current official master"
(see id map note),TA Express Baytown South,TX,Baytown,truck-stops,true,exact-match,"imported 2026-07-25; value digest 2ac6c659… proves production still equals the import CSV, which equals the current official master"
(see id map note),TA Express Biggs Junction,OR,Wasco,truck-stops,true,exact-match,"imported 2026-07-25; value digest 2ac6c659… proves production still equals the import CSV, which equals the current official master"
(see id map note),TA Express Kilgore,TX,Kilgore,truck-stops,true,exact-match,"imported 2026-07-25; value digest 2ac6c659… proves production still equals the import CSV, which equals the current official master"
(see id map note),TA Express Almeda,TX,Almeda,truck-stops,true,exact-match,"imported 2026-07-25; value digest 2ac6c659… proves production still equals the import CSV, which equals the current official master"
(see id map note),TA Express West Point,GA,West Point,truck-stops,true,exact-match,"imported 2026-07-25; value digest 2ac6c659… proves production still equals the import CSV, which equals the current official master"
(see id map note),TA Express Edgerton,KS,Edgerton,truck-stops,true,exact-match,"imported 2026-07-25; value digest 2ac6c659… proves production still equals the import CSV, which equals the current official master"
(see id map note),TA Express Mount Vernon,TX,Mount Vernon,truck-stops,true,exact-match,"imported 2026-07-25; value digest 2ac6c659… proves production still equals the import CSV, which equals the current official master"
(see id map note),TA Express Nacogdoches,TX,Nacogdoches,truck-stops,true,exact-match,"imported 2026-07-25; value digest 2ac6c659… proves production still equals the import CSV, which equals the current official master"
(see id map note),TA Express Fairfield,TX,Fairfield,truck-stops,true,exact-match,"imported 2026-07-25; value digest 2ac6c659… proves production still equals the import CSV, which equals the current official master"
(see id map note),TA Express White Hills,AZ,White Hills,truck-stops,true,exact-match,"imported 2026-07-25; value digest 2ac6c659… proves production still equals the import CSV, which equals the current official master"
(see id map note),TA Express Carthage,TX,Carthage,truck-stops,true,exact-match,"imported 2026-07-25; value digest 2ac6c659… proves production still equals the import CSV, which equals the current official master"
(see id map note),Petro El Paso,TX,El Paso,truck-stops,true,exact-match,"imported 2026-07-25; value digest 2ac6c659… proves production still equals the import CSV, which equals the current official master"
(see id map note),Petro Weatherford,TX,Weatherford,truck-stops,true,exact-match,"imported 2026-07-25; value digest 2ac6c659… proves production still equals the import CSV, which equals the current official master"
(see id map note),Petro Laramie,WY,Laramie,truck-stops,true,exact-match,"imported 2026-07-25; value digest 2ac6c659… proves production still equals the import CSV, which equals the current official master"
(see id map note),Petro Beaumont,TX,Beaumont,truck-stops,true,exact-match,"imported 2026-07-25; value digest 2ac6c659… proves production still equals the import CSV, which equals the current official master"
(see id map note),Petro San Antonio,TX,San Antonio,truck-stops,true,exact-match,"imported 2026-07-25; value digest 2ac6c659… proves production still equals the import CSV, which equals the current official master"
(see id map note),Petro Eloy,AZ,Casa Grande,truck-stops,true,exact-match,"imported 2026-07-25; value digest 2ac6c659… proves production still equals the import CSV, which equals the current official master"
(see id map note),Petro Amarillo,TX,Amarillo,truck-stops,true,exact-match,"imported 2026-07-25; value digest 2ac6c659… proves production still equals the import CSV, which equals the current official master"
(see id map note),Petro Shreveport,LA,Shreveport,truck-stops,true,exact-match,"imported 2026-07-25; value digest 2ac6c659… proves production still equals the import CSV, which equals the current official master"
(see id map note),Petro Corning,CA,Corning,truck-stops,true,exact-match,"imported 2026-07-25; value digest 2ac6c659… proves production still equals the import CSV, which equals the current official master"
(see id map note),Petro Hammond,LA,Hammond,truck-stops,true,exact-match,"imported 2026-07-25; value digest 2ac6c659… proves production still equals the import CSV, which equals the current official master"
(see id map note),Petro Milan,NM,Milan,truck-stops,true,exact-match,"imported 2026-07-25; value digest 2ac6c659… proves production still equals the import CSV, which equals the current official master"
(see id map note),Petro Bordentown,NJ,Bordentown,truck-stops,true,exact-match,"imported 2026-07-25; value digest 2ac6c659… proves production still equals the import CSV, which equals the current official master"
(see id map note),Petro Kingman,AZ,Kingman,truck-stops,true,exact-match,"imported 2026-07-25; value digest 2ac6c659… proves production still equals the import CSV, which equals the current official master"
(see id map note),Petro Oklahoma City,OK,Oklahoma City,truck-stops,true,exact-match,"imported 2026-07-25; value digest 2ac6c659… proves production still equals the import CSV, which equals the current official master"
(see id map note),Petro Perrysburg,OH,Perrysburg,truck-stops,true,exact-match,"imported 2026-07-25; value digest 2ac6c659… proves production still equals the import CSV, which equals the current official master"
(see id map note),Petro Kingdom City,MO,Kingdom City,truck-stops,true,exact-match,"imported 2026-07-25; value digest 2ac6c659… proves production still equals the import CSV, which equals the current official master"
(see id map note),Petro Bucksville,AL,McCalla,truck-stops,true,exact-match,"imported 2026-07-25; value digest 2ac6c659… proves production still equals the import CSV, which equals the current official master"
(see id map note),Petro Girard,OH,Girard,truck-stops,true,exact-match,"imported 2026-07-25; value digest 2ac6c659… proves production still equals the import CSV, which equals the current official master"
(see id map note),Petro Effingham,IL,Effingham,truck-stops,true,exact-match,"imported 2026-07-25; value digest 2ac6c659… proves production still equals the import CSV, which equals the current official master"
(see id map note),Petro Atlanta,GA,Atlanta,truck-stops,true,exact-match,"imported 2026-07-25; value digest 2ac6c659… proves production still equals the import CSV, which equals the current official master"
(see id map note),Petro Phoenix,OR,Phoenix,truck-stops,true,exact-match,"imported 2026-07-25; value digest 2ac6c659… proves production still equals the import CSV, which equals the current official master"
(see id map note),Petro Wheeler Ridge,CA,Lebec,truck-stops,true,exact-match,"imported 2026-07-25; value digest 2ac6c659… proves production still equals the import CSV, which equals the current official master"
(see id map note),Petro Mebane,NC,Mebane,truck-stops,true,exact-match,"imported 2026-07-25; value digest 2ac6c659… proves production still equals the import CSV, which equals the current official master"
(see id map note),Petro Glendale,KY,Glendale,truck-stops,true,exact-match,"imported 2026-07-25; value digest 2ac6c659… proves production still equals the import CSV, which equals the current official master"
(see id map note),Petro North Las Vegas,NV,North Las Vegas,truck-stops,true,exact-match,"imported 2026-07-25; value digest 2ac6c659… proves production still equals the import CSV, which equals the current official master"
(see id map note),TA Hillsboro,TX,Hillsboro,truck-stops,true,exact-match,"imported 2026-07-25; value digest 2ac6c659… proves production still equals the import CSV, which equals the current official master"
(see id map note),Petro Carlisle,PA,Carlisle,truck-stops,true,exact-match,"imported 2026-07-25; value digest 2ac6c659… proves production still equals the import CSV, which equals the current official master"
(see id map note),Petro Sparks,NV,Sparks,truck-stops,true,exact-match,"imported 2026-07-25; value digest 2ac6c659… proves production still equals the import CSV, which equals the current official master"
(see id map note),Petro Spokane,WA,Spokane,truck-stops,true,exact-match,"imported 2026-07-25; value digest 2ac6c659… proves production still equals the import CSV, which equals the current official master"
(see id map note),Petro Santa Nella,CA,Santa Nella,truck-stops,true,exact-match,"imported 2026-07-25; value digest 2ac6c659… proves production still equals the import CSV, which equals the current official master"
(see id map note),TA Truck Service Franklin,KY,Franklin,truck-stops,true,exact-match,"imported 2026-07-25; value digest 2ac6c659… proves production still equals the import CSV, which equals the current official master"
(see id map note),TA Express Vinton,TX,Canutillo,truck-stops,true,exact-match,"imported 2026-07-25; value digest 2ac6c659… proves production still equals the import CSV, which equals the current official master"
(see id map note),Petro Gadsden,AL,Gadsden,truck-stops,true,exact-match,"imported 2026-07-25; value digest 2ac6c659… proves production still equals the import CSV, which equals the current official master"
(see id map note),Petro Joplin,MO,Joplin,truck-stops,true,exact-match,"imported 2026-07-25; value digest 2ac6c659… proves production still equals the import CSV, which equals the current official master"
(see id map note),Petro New Paris,OH,New Paris,truck-stops,true,exact-match,"imported 2026-07-25; value digest 2ac6c659… proves production still equals the import CSV, which equals the current official master"
(see id map note),Petro Rochelle,IL,Rochelle,truck-stops,true,exact-match,"imported 2026-07-25; value digest 2ac6c659… proves production still equals the import CSV, which equals the current official master"
(see id map note),Petro Fargo,ND,Fargo,truck-stops,true,exact-match,"imported 2026-07-25; value digest 2ac6c659… proves production still equals the import CSV, which equals the current official master"
(see id map note),Petro York,NE,York,truck-stops,true,exact-match,"imported 2026-07-25; value digest 2ac6c659… proves production still equals the import CSV, which equals the current official master"
(see id map note),Petro Monee,IL,Monee,truck-stops,true,exact-match,"imported 2026-07-25; value digest 2ac6c659… proves production still equals the import CSV, which equals the current official master"
(see id map note),Petro Waterloo,NY,Waterloo,truck-stops,true,exact-match,"imported 2026-07-25; value digest 2ac6c659… proves production still equals the import CSV, which equals the current official master"
(see id map note),Petro Glade Spring,VA,Glade Spring,truck-stops,true,exact-match,"imported 2026-07-25; value digest 2ac6c659… proves production still equals the import CSV, which equals the current official master"
(see id map note),Petro Brazil,IN,Brazil,truck-stops,true,exact-match,"imported 2026-07-25; value digest 2ac6c659… proves production still equals the import CSV, which equals the current official master"
(see id map note),Petro Carnesville,GA,Carnesville,truck-stops,true,exact-match,"imported 2026-07-25; value digest 2ac6c659… proves production still equals the import CSV, which equals the current official master"
(see id map note),Petro Scranton,PA,DuPont,truck-stops,true,exact-match,"imported 2026-07-25; value digest 2ac6c659… proves production still equals the import CSV, which equals the current official master"
(see id map note),Petro Greensburg,IN,Greensburg,truck-stops,true,exact-match,"imported 2026-07-25; value digest 2ac6c659… proves production still equals the import CSV, which equals the current official master"
(see id map note),Petro Deming,NM,Deming,truck-stops,true,exact-match,"imported 2026-07-25; value digest 2ac6c659… proves production still equals the import CSV, which equals the current official master"
(see id map note),Petro Colby,KS,Colby,truck-stops,true,exact-match,"imported 2026-07-25; value digest 2ac6c659… proves production still equals the import CSV, which equals the current official master"
(see id map note),Petro Napoleon,OH,Napoleon,truck-stops,true,exact-match,"imported 2026-07-25; value digest 2ac6c659… proves production still equals the import CSV, which equals the current official master"
(see id map note),Petro Clearwater,MN,Clearwater,truck-stops,true,exact-match,"imported 2026-07-25; value digest 2ac6c659… proves production still equals the import CSV, which equals the current official master"
(see id map note),Petro Wells,NV,Wells,truck-stops,true,exact-match,"imported 2026-07-25; value digest 2ac6c659… proves production still equals the import CSV, which equals the current official master"
(see id map note),Petro Albert Lea,MN,Albert Lea,truck-stops,true,exact-match,"imported 2026-07-25; value digest 2ac6c659… proves production still equals the import CSV, which equals the current official master"
(see id map note),Petro Johnson's Corner,CO,Johnstown,truck-stops,true,exact-match,"imported 2026-07-25; value digest 2ac6c659… proves production still equals the import CSV, which equals the current official master"
(see id map note),Petro Wilmington,IL,Wilmington,truck-stops,true,exact-match,"imported 2026-07-25; value digest 2ac6c659… proves production still equals the import CSV, which equals the current official master"
(see id map note),Petro Portage,WI,Portage,truck-stops,true,exact-match,"imported 2026-07-25; value digest 2ac6c659… proves production still equals the import CSV, which equals the current official master"
(see id map note),TA Express Statesboro,GA,Register,truck-stops,true,exact-match,"imported 2026-07-25; value digest 2ac6c659… proves production still equals the import CSV, which equals the current official master"
(see id map note),TA Ash Fork,AZ,Ash Fork,truck-stops,true,exact-match,"imported 2026-07-25; value digest 2ac6c659… proves production still equals the import CSV, which equals the current official master"
(see id map note),TA Sweetwater,TX,Sweetwater,truck-stops,true,exact-match,"imported 2026-07-25; value digest 2ac6c659… proves production still equals the import CSV, which equals the current official master"
(see id map note),Petro Raphine,VA,Raphine,truck-stops,true,exact-match,"imported 2026-07-25; value digest 2ac6c659… proves production still equals the import CSV, which equals the current official master"
(see id map note),TA Lexington,VA,Lexington,truck-stops,true,exact-match,"imported 2026-07-25; value digest 2ac6c659… proves production still equals the import CSV, which equals the current official master"
(see id map note),TA Express Olancha,CA,Olancha,truck-stops,true,exact-match,"imported 2026-07-25; value digest 2ac6c659… proves production still equals the import CSV, which equals the current official master"
(see id map note),TA Express Osseo,WI,Osseo,truck-stops,true,exact-match,"imported 2026-07-25; value digest 2ac6c659… proves production still equals the import CSV, which equals the current official master"
(see id map note),TA Express Riverton,IL,Riverton,truck-stops,true,exact-match,"imported 2026-07-25; value digest 2ac6c659… proves production still equals the import CSV, which equals the current official master"
(see id map note),TA Express Thomson,GA,Thomson,truck-stops,true,exact-match,"imported 2026-07-25; value digest 2ac6c659… proves production still equals the import CSV, which equals the current official master"
(see id map note),TA Express Ronks,PA,Ronks,truck-stops,true,exact-match,"imported 2026-07-25; value digest 2ac6c659… proves production still equals the import CSV, which equals the current official master"
(see id map note),TA Express Huntsville,TX,Huntsville,truck-stops,true,exact-match,"imported 2026-07-25; value digest 2ac6c659… proves production still equals the import CSV, which equals the current official master"
(see id map note),TA Express Eagleville,MO,Eagleville,truck-stops,true,exact-match,"imported 2026-07-25; value digest 2ac6c659… proves production still equals the import CSV, which equals the current official master"
(see id map note),TA Express Dale,IN,Dale,truck-stops,true,exact-match,"imported 2026-07-25; value digest 2ac6c659… proves production still equals the import CSV, which equals the current official master"
(see id map note),TA Express Pleasanton,TX,Pleasanton,truck-stops,true,exact-match,"imported 2026-07-25; value digest 2ac6c659… proves production still equals the import CSV, which equals the current official master"
(see id map note),TA Express Jonesboro,AR,Jonesboro,truck-stops,true,exact-match,"imported 2026-07-25; value digest 2ac6c659… proves production still equals the import CSV, which equals the current official master"
(see id map note),TA Express Belton,TX,Belton,truck-stops,true,exact-match,"imported 2026-07-25; value digest 2ac6c659… proves production still equals the import CSV, which equals the current official master"
(see id map note),TA Express Norwood,MO,Norwood,truck-stops,true,exact-match,"imported 2026-07-25; value digest 2ac6c659… proves production still equals the import CSV, which equals the current official master"
(see id map note),TA Express Tonkawa,OK,Tonkawa,truck-stops,true,exact-match,"imported 2026-07-25; value digest 2ac6c659… proves production still equals the import CSV, which equals the current official master"
(see id map note),TA Express Decatur,TX,Decatur,truck-stops,true,exact-match,"imported 2026-07-25; value digest 2ac6c659… proves production still equals the import CSV, which equals the current official master"
(see id map note),TA Express Wendover,NV,West Wendover,truck-stops,true,exact-match,"imported 2026-07-25; value digest 2ac6c659… proves production still equals the import CSV, which equals the current official master"
(see id map note),TA Express Littlefield,AZ,Littlefield,truck-stops,true,exact-match,"imported 2026-07-25; value digest 2ac6c659… proves production still equals the import CSV, which equals the current official master"
(see id map note),Petro Oak Grove,MO,Oak Grove,truck-stops,true,exact-match,"imported 2026-07-25; value digest 2ac6c659… proves production still equals the import CSV, which equals the current official master"
(see id map note),TA Cuba,MO,Cuba,truck-stops,true,exact-match,"imported 2026-07-25; value digest 2ac6c659… proves production still equals the import CSV, which equals the current official master"
(see id map note),TA Express Fair Play,SC,Fair Play,truck-stops,true,exact-match,"imported 2026-07-25; value digest 2ac6c659… proves production still equals the import CSV, which equals the current official master"
(see id map note),TA Smiths Grove,KY,Smiths Grove,truck-stops,true,exact-match,"imported 2026-07-25; value digest 2ac6c659… proves production still equals the import CSV, which equals the current official master"
(see id map note),TA Springer,NM,Springer,truck-stops,true,exact-match,"imported 2026-07-25; value digest 2ac6c659… proves production still equals the import CSV, which equals the current official master"
(see id map note),TA Glenrio,NM,Glenrio,truck-stops,true,exact-match,"imported 2026-07-25; value digest 2ac6c659… proves production still equals the import CSV, which equals the current official master"
(see id map note),TA Breezewood,PA,Breezewood,truck-stops,true,exact-match,"imported 2026-07-25; value digest 2ac6c659… proves production still equals the import CSV, which equals the current official master"
(see id map note),TA Cowpens,SC,Cowpens,truck-stops,true,exact-match,"imported 2026-07-25; value digest 2ac6c659… proves production still equals the import CSV, which equals the current official master"
(see id map note),TA Express Kansas City,KS,Kansas City,truck-stops,true,exact-match,"imported 2026-07-25; value digest 2ac6c659… proves production still equals the import CSV, which equals the current official master"
(see id map note),TA Express Laplace,LA,Laplace,truck-stops,true,exact-match,"imported 2026-07-25; value digest 2ac6c659… proves production still equals the import CSV, which equals the current official master"
(see id map note),TA Express St. Rose,LA,St. Rose,truck-stops,true,exact-match,"imported 2026-07-25; value digest 2ac6c659… proves production still equals the import CSV, which equals the current official master"
(see id map note),TA Coburg,OR,Coburg,truck-stops,true,exact-match,"imported 2026-07-25; value digest 2ac6c659… proves production still equals the import CSV, which equals the current official master"
(see id map note),TA Express Warfield,VA,Warfield,truck-stops,true,exact-match,"imported 2026-07-25; value digest 2ac6c659… proves production still equals the import CSV, which equals the current official master"
(see id map note),Petro Racine,WI,Sturtevant,truck-stops,true,exact-match,"imported 2026-07-25; value digest 2ac6c659… proves production still equals the import CSV, which equals the current official master"
(see id map note),TA Express Holland,IA,Holland,truck-stops,true,exact-match,"imported 2026-07-25; value digest 2ac6c659… proves production still equals the import CSV, which equals the current official master"
(see id map note),Petro Shorter,AL,Shorter,truck-stops,true,exact-match,"imported 2026-07-25; value digest 2ac6c659… proves production still equals the import CSV, which equals the current official master"
(see id map note),Petro Jackson,MS,Jackson,truck-stops,true,exact-match,"imported 2026-07-25; value digest 2ac6c659… proves production still equals the import CSV, which equals the current official master"
(see id map note),TA Columbia North,SC,Columbia,truck-stops,true,exact-match,"imported 2026-07-25; value digest 2ac6c659… proves production still equals the import CSV, which equals the current official master"
(see id map note),TA Fultonville,NY,Fultonville,truck-stops,true,exact-match,"imported 2026-07-25; value digest 2ac6c659… proves production still equals the import CSV, which equals the current official master"
(see id map note),TA Express North Houston,TX,Houston,truck-stops,true,exact-match,"imported 2026-07-25; value digest 2ac6c659… proves production still equals the import CSV, which equals the current official master"
(see id map note),TA Express Fort Wayne,IN,Fort Wayne,truck-stops,true,exact-match,"imported 2026-07-25; value digest 2ac6c659… proves production still equals the import CSV, which equals the current official master"
(see id map note),TA Jackson,OH,Jackson,truck-stops,true,exact-match,"imported 2026-07-25; value digest 2ac6c659… proves production still equals the import CSV, which equals the current official master"
(see id map note),TA Express Junction,TX,Junction,truck-stops,true,exact-match,"imported 2026-07-25; value digest 2ac6c659… proves production still equals the import CSV, which equals the current official master"
(see id map note),TA Express Kingsville,TX,Kingsville,truck-stops,true,exact-match,"imported 2026-07-25; value digest 2ac6c659… proves production still equals the import CSV, which equals the current official master"
(see id map note),TA Fillmore,UT,Fillmore,truck-stops,true,exact-match,"imported 2026-07-25; value digest 2ac6c659… proves production still equals the import CSV, which equals the current official master"
(see id map note),TA Express Rock Springs,WY,Rock Springs,truck-stops,true,exact-match,"imported 2026-07-25; value digest 2ac6c659… proves production still equals the import CSV, which equals the current official master"
(see id map note),TA Concordia,MO,Concordia,truck-stops,true,exact-match,"imported 2026-07-25; value digest 2ac6c659… proves production still equals the import CSV, which equals the current official master"
(see id map note),TA Rogers,MN,Rogers,truck-stops,true,exact-match,"imported 2026-07-25; value digest 2ac6c659… proves production still equals the import CSV, which equals the current official master"
(see id map note),TA Hudson,WI,Hudson,truck-stops,true,exact-match,"imported 2026-07-25; value digest 2ac6c659… proves production still equals the import CSV, which equals the current official master"
(see id map note),TA Paulsboro,NJ,Paulsboro,truck-stops,true,exact-match,"imported 2026-07-25; value digest 2ac6c659… proves production still equals the import CSV, which equals the current official master"
(see id map note),TA Tekonsha,MI,Tekonsha,truck-stops,true,exact-match,"imported 2026-07-25; value digest 2ac6c659… proves production still equals the import CSV, which equals the current official master"
(see id map note),TA Missoula,MT,Missoula,truck-stops,true,exact-match,"imported 2026-07-25; value digest 2ac6c659… proves production still equals the import CSV, which equals the current official master"
(see id map note),TA Lincoln,AL,Lincoln,truck-stops,true,exact-match,"imported 2026-07-25; value digest 2ac6c659… proves production still equals the import CSV, which equals the current official master"
(see id map note),Petro North Hillsboro,TX,Hillsboro,truck-stops,true,exact-match,"imported 2026-07-25; value digest 2ac6c659… proves production still equals the import CSV, which equals the current official master"
(see id map note),Petro Egan,LA,Egan,truck-stops,true,exact-match,"imported 2026-07-25; value digest 2ac6c659… proves production still equals the import CSV, which equals the current official master"
(see id map note),Petro Angola,IN,Fremont,truck-stops,true,exact-match,"imported 2026-07-25; value digest 2ac6c659… proves production still equals the import CSV, which equals the current official master"
(see id map note),Petro Salina,KS,Salina,truck-stops,true,exact-match,"imported 2026-07-25; value digest 2ac6c659… proves production still equals the import CSV, which equals the current official master"
(see id map note),Petro Gaston,IN,Gaston,truck-stops,true,exact-match,"imported 2026-07-25; value digest 2ac6c659… proves production still equals the import CSV, which equals the current official master"
(see id map note),Petro Pearsall,TX,Pearsall,truck-stops,true,exact-match,"imported 2026-07-25; value digest 2ac6c659… proves production still equals the import CSV, which equals the current official master"
(see id map note),TA Lake Station,IN,Lake Station,truck-stops,true,exact-match,"imported 2026-07-25; value digest 2ac6c659… proves production still equals the import CSV, which equals the current official master"
(see id map note),TA Jane Lew,WV,Jane Lew,truck-stops,true,exact-match,"imported 2026-07-25; value digest 2ac6c659… proves production still equals the import CSV, which equals the current official master"
(see id map note),TA Express Niagara Falls,NY,Niagara Falls,truck-stops,true,exact-match,"imported 2026-07-25; value digest 2ac6c659… proves production still equals the import CSV, which equals the current official master"
(see id map note),TA Express Medley,FL,Medley,truck-stops,true,exact-match,"imported 2026-07-25; value digest 2ac6c659… proves production still equals the import CSV, which equals the current official master"
(see id map note),TA Express Grambling,LA,Grambling,truck-stops,true,exact-match,"imported 2026-07-25; value digest 2ac6c659… proves production still equals the import CSV, which equals the current official master"
(see id map note),TA Express Brush,CO,Brush,truck-stops,true,exact-match,"imported 2026-07-25; value digest 2ac6c659… proves production still equals the import CSV, which equals the current official master"
(see id map note),TA Express Walsenburg,CO,Walsenburg,truck-stops,true,exact-match,"imported 2026-07-25; value digest 2ac6c659… proves production still equals the import CSV, which equals the current official master"
(see id map note),TA Express Blaine,WA,Blaine,truck-stops,true,exact-match,"imported 2026-07-25; value digest 2ac6c659… proves production still equals the import CSV, which equals the current official master"
(see id map note),TA Madera,CA,Madera,truck-stops,true,exact-match,"imported 2026-07-25; value digest 2ac6c659… proves production still equals the import CSV, which equals the current official master"
(see id map note),TA Mt. Vernon,MO,Mt Vernon,truck-stops,true,exact-match,"imported 2026-07-25; value digest 2ac6c659… proves production still equals the import CSV, which equals the current official master"
(see id map note),TA McComb,MS,McComb,truck-stops,true,exact-match,"imported 2026-07-25; value digest 2ac6c659… proves production still equals the import CSV, which equals the current official master"
(see id map note),TA Express Mooreville,MS,Mooreville,truck-stops,true,exact-match,"imported 2026-07-25; value digest 2ac6c659… proves production still equals the import CSV, which equals the current official master"
(see id map note),TA Express Lamar,CO,Lamar,truck-stops,true,exact-match,"imported 2026-07-25; value digest 2ac6c659… proves production still equals the import CSV, which equals the current official master"
(see id map note),TA Express South Coffeyville,OK,South Coffeyville,truck-stops,true,exact-match,"imported 2026-07-25; value digest 2ac6c659… proves production still equals the import CSV, which equals the current official master"
(see id map note),TA Garden City,KS,Garden City,truck-stops,true,exact-match,"imported 2026-07-25; value digest 2ac6c659… proves production still equals the import CSV, which equals the current official master"
(see id map note),TA Pueblo,CO,Pueblo,truck-stops,true,exact-match,"imported 2026-07-25; value digest 2ac6c659… proves production still equals the import CSV, which equals the current official master"
(see id map note),TA Express Hosston,LA,Hosston,truck-stops,true,exact-match,"imported 2026-07-25; value digest 2ac6c659… proves production still equals the import CSV, which equals the current official master"
(see id map note),TA Express Dubois,ID,Dubois,truck-stops,true,exact-match,"imported 2026-07-25; value digest 2ac6c659… proves production still equals the import CSV, which equals the current official master"
(see id map note),TA Express Holstein,IA,Holstein,truck-stops,true,exact-match,"imported 2026-07-25; value digest 2ac6c659… proves production still equals the import CSV, which equals the current official master"
(see id map note),TA Express Fairview,KS,Fairview,truck-stops,true,exact-match,"imported 2026-07-25; value digest 2ac6c659… proves production still equals the import CSV, which equals the current official master"
(see id map note),"TA Vernon, TX",TX,Vernon,truck-stops,true,exact-match,"imported 2026-07-25; value digest 2ac6c659… proves production still equals the import CSV, which equals the current official master"
(see id map note),TA Express Minden,LA,Minden,truck-stops,true,exact-match,"imported 2026-07-25; value digest 2ac6c659… proves production still equals the import CSV, which equals the current official master"
(see id map note),TA Express Birmingham,AL,Birmingham,truck-stops,true,exact-match,"imported 2026-07-25; value digest 2ac6c659… proves production still equals the import CSV, which equals the current official master"
(see id map note),TA Express Grand Forks,ND,Grand Forks,truck-stops,true,exact-match,"imported 2026-07-25; value digest 2ac6c659… proves production still equals the import CSV, which equals the current official master"
(see id map note),TA Express Williston,ND,Williston,truck-stops,true,exact-match,"imported 2026-07-25; value digest 2ac6c659… proves production still equals the import CSV, which equals the current official master"
(see id map note),TA Grandview,WA,Grandview,truck-stops,true,exact-match,"imported 2026-07-25; value digest 2ac6c659… proves production still equals the import CSV, which equals the current official master"
(see id map note),TA Williams,IA,Williams,truck-stops,true,exact-match,"imported 2026-07-25; value digest 2ac6c659… proves production still equals the import CSV, which equals the current official master"
(see id map note),TA Express Hazleton,PA,Hazleton,truck-stops,true,exact-match,"imported 2026-07-25; value digest 2ac6c659… proves production still equals the import CSV, which equals the current official master"
(see id map note),TA Express Pine Grove,PA,Pine Grove,truck-stops,true,exact-match,"imported 2026-07-25; value digest 2ac6c659… proves production still equals the import CSV, which equals the current official master"
(see id map note),TA Express Savanna,OK,Savanna,truck-stops,true,exact-match,"imported 2026-07-25; value digest 2ac6c659… proves production still equals the import CSV, which equals the current official master"
(see id map note),TA Express Palmyra,MO,Palmyra,truck-stops,true,exact-match,"imported 2026-07-25; value digest 2ac6c659… proves production still equals the import CSV, which equals the current official master"
(see id map note),Petro Henderson,NV,Henderson,truck-stops,true,exact-match,"imported 2026-07-25; value digest 2ac6c659… proves production still equals the import CSV, which equals the current official master"
(see id map note),TA Express Henderson,NV,Henderson,truck-stops,true,exact-match,"imported 2026-07-25; value digest 2ac6c659… proves production still equals the import CSV, which equals the current official master"
(see id map note),TA Mineral Wells,WV,Mineral Wells,truck-stops,true,exact-match,"imported 2026-07-25; value digest 2ac6c659… proves production still equals the import CSV, which equals the current official master"
(see id map note),TA Express Carlin,NV,Carlin,truck-stops,true,exact-match,"imported 2026-07-25; value digest 2ac6c659… proves production still equals the import CSV, which equals the current official master"
(see id map note),TA Express Hutchinson,KS,South Hutchinson,truck-stops,true,exact-match,"imported 2026-07-25; value digest 2ac6c659… proves production still equals the import CSV, which equals the current official master"
(see id map note),TA Express Mankato,MN,Mankato,truck-stops,true,exact-match,"imported 2026-07-25; value digest 2ac6c659… proves production still equals the import CSV, which equals the current official master"
(see id map note),TA Express Houston,TX,Houston,truck-stops,true,exact-match,"imported 2026-07-25; value digest 2ac6c659… proves production still equals the import CSV, which equals the current official master"
(see id map note),TA Express Grand Junction,CO,Grand Junction,truck-stops,true,exact-match,"imported 2026-07-25; value digest 2ac6c659… proves production still equals the import CSV, which equals the current official master"
(see id map note),TA Express New Lisbon,WI,New Lisbon,truck-stops,true,exact-match,"imported 2026-07-25; value digest 2ac6c659… proves production still equals the import CSV, which equals the current official master"
(see id map note),TA Shepherd,TX,Shepherd,truck-stops,true,exact-match,"imported 2026-07-25; value digest 2ac6c659… proves production still equals the import CSV, which equals the current official master"
(see id map note),TA Express Judsonia,AR,Judsonia,truck-stops,true,exact-match,"imported 2026-07-25; value digest 2ac6c659… proves production still equals the import CSV, which equals the current official master"
(see id map note),TA Wellsville,KS,Wellsville,truck-stops,true,exact-match,"imported 2026-07-25; value digest 2ac6c659… proves production still equals the import CSV, which equals the current official master"
(see id map note),TA Robertsdale,AL,Robertsdale,truck-stops,true,exact-match,"imported 2026-07-25; value digest 2ac6c659… proves production still equals the import CSV, which equals the current official master"
03c39975-0f38-4f41-97e7-d50d95b9edf0,Petro Stopping Center #326 (Petro N. Little Rock),AR,North Little Rock,truck-stops,true,safe-enrichment,the site’s own row; enrichment plan prepared for its blanks
04e8fad7-c564-4879-95ba-91816d3b1074,"CAT Scale — TA Travel Center #288, Lake City",FL,Lake City,cat-scales,true,service-only,"colocated service record (CAT scale / truck service / roadside) at a network site — reconciled, never a map pin, never parking coverage"
065b431c-e56b-493b-a68a-b9ba7e309d23,TA Truck Service - Petro West Memphis,AR,West Memphis,roadside-service,true,service-only,"colocated service record (CAT scale / truck service / roadside) at a network site — reconciled, never a map pin, never parking coverage"
0910b870-8a54-42b1-8fcc-993737757ade,"CAT Scale — TA Caryville #255, Pioneer",TN,Pioneer,cat-scales,true,service-only,"colocated service record (CAT scale / truck service / roadside) at a network site — reconciled, never a map pin, never parking coverage"
09974385-8c93-4bb5-be59-13552b53e2b3,TA Denmark (TravelCenters of America #245),TN,Denmark,truck-stops,true,safe-enrichment,the site’s own row; enrichment plan prepared for its blanks
0a0c7a0d-2fb0-4201-a93f-b934e2617b5b,Petro Kenly 95 #395,NC,Kenly,truck-stops,true,safe-enrichment,the site’s own row; enrichment plan prepared for its blanks
0f848a8a-9f2f-4e89-bed3-97d656bcd25d,TA Cartersville #146,GA,Cartersville,truck-stops,true,exact-match,the site’s own row; already carries everything the master states
0fd1e82b-0a8e-410b-9af9-8787d6ab89b8,TA Whitestown (TravelCenters of America #173),IN,Whitestown,truck-stops,true,safe-enrichment,the site’s own row; enrichment plan prepared for its blanks
20ea502e-9d1f-43e3-b369-520d35c38c5f,Petro Stopping Center #311 (Petro West Memphis),AR,West Memphis,truck-stops,true,safe-enrichment,the site’s own row; enrichment plan prepared for its blanks
245d9e0f-cb95-461e-822a-e458c03212ed,TA Wildwood (TravelCenters of America),FL,Wildwood,truck-stops,true,safe-enrichment,the site’s own row; enrichment plan prepared for its blanks
25721d01-d3ed-4da5-a9cc-448fd166e75b,Petro Dodge City (Petro Stopping Center #397),AL,Hanceville,truck-stops,true,safe-enrichment,the site’s own row; enrichment plan prepared for its blanks
25bbe285-2b82-4ad4-a1fb-5dd82073d31f,TA Caryville,TN,Pioneer,truck-stops,true,exact-match,the site’s own row; already carries everything the master states
28c41568-118b-4e1f-aee1-469f8a634af9,TA Travel Center Brunswick,GA,Brunswick,truck-stops,true,safe-enrichment,the site’s own row; enrichment plan prepared for its blanks
2937ca5e-063c-4ac7-b4c4-0e7da286f488,TA Montgomery #111,AL,Montgomery,truck-stops,true,safe-enrichment,the site’s own row; enrichment plan prepared for its blanks
31584983-7e0f-4210-9f62-8cf69cc29ec4,"CAT Scale — Petro Stopping Center #325, North Baltimore",OH,North Baltimore,cat-scales,true,service-only,"colocated service record (CAT scale / truck service / roadside) at a network site — reconciled, never a map pin, never parking coverage"
33e41d22-1dac-425b-a17d-c9b6affcda21,TA Atlanta South #268,GA,Jackson,truck-stops,true,duplicate,"duplicates official site ""TA Atlanta South"" which already has its own (imported) production row"
366ea2a6-4116-4ce3-bc64-01fdac0dcb60,TA Express Atkins,AR,Atkins,truck-stops,true,safe-enrichment,the site’s own row; enrichment plan prepared for its blanks
36d48fe4-d2ce-4d99-987a-9e8341644b7a,Petro Stopping Center #344 (TA/Petro Kingsland),GA,Kingsland,truck-stops,true,safe-enrichment,the site’s own row; enrichment plan prepared for its blanks
383a91a5-b35c-448c-ac46-a2204f600caa,TA Truck Service #349 (Petro Kingston Springs),TN,Kingston Springs,roadside-service,true,service-only,"colocated service record (CAT scale / truck service / roadside) at a network site — reconciled, never a map pin, never parking coverage"
3c6b703c-e8bb-418c-902c-1733badf33f6,TA Truck Service at Petro Remington,IN,Remington,roadside-service,true,service-only,"colocated service record (CAT scale / truck service / roadside) at a network site — reconciled, never a map pin, never parking coverage"
3e5fef77-bc72-4174-b45d-04f6096c8fde,TA Earle (TravelCenters of America #033),AR,Earle,truck-stops,true,safe-enrichment,the site’s own row; enrichment plan prepared for its blanks
46c70f80-8582-44d1-a7b6-ea9423392fea,TA Truck Service - TA Knoxville West,TN,Knoxville,tire-repair,true,service-only,"colocated service record (CAT scale / truck service / roadside) at a network site — reconciled, never a map pin, never parking coverage"
4d1432ba-9d0d-4905-909b-2fce8d5d6497,"TA Truck Service - Petro #325, North Baltimore",OH,North Baltimore,roadside-service,true,service-only,"colocated service record (CAT scale / truck service / roadside) at a network site — reconciled, never a map pin, never parking coverage"
4e5234b6-1305-4705-941d-ec5a77370983,CAT Scale at Petro Kingsland (#344),GA,Kingsland,cat-scales,true,service-only,"colocated service record (CAT scale / truck service / roadside) at a network site — reconciled, never a map pin, never parking coverage"
4f94e1cf-fe15-4bba-917c-9f389ab3bd04,TA Truck Service - Monroe (#069),MI,Monroe,tire-repair,true,service-only,"colocated service record (CAT scale / truck service / roadside) at a network site — reconciled, never a map pin, never parking coverage"
5003bce1-1cfa-45ff-a23d-5f31e1df1450,TA Truck Service - TA Walton,KY,Walton,tire-repair,true,service-only,"colocated service record (CAT scale / truck service / roadside) at a network site — reconciled, never a map pin, never parking coverage"
51296b6f-d325-4a97-a48f-d7a315a5e7e0,TA Wapakoneta #082,OH,Wapakoneta,truck-stops,true,safe-enrichment,the site’s own row; enrichment plan prepared for its blanks
51f35bd0-85e6-45f9-9360-71e5110f4c79,"CAT Scale — Petro Knoxville #312, Knoxville (Watt Road)",TN,Knoxville,cat-scales,true,service-only,"colocated service record (CAT scale / truck service / roadside) at a network site — reconciled, never a map pin, never parking coverage"
54d7e6d4-f558-42b6-af10-f87f0b9fe8e6,TA Truck Service - Monroe,MI,Monroe,roadside-service,true,service-only,"colocated service record (CAT scale / truck service / roadside) at a network site — reconciled, never a map pin, never parking coverage"
5c20a67d-267d-4868-aba5-210a14624dbc,TA Truck Service - Petro Ocala,FL,Reddick,tire-repair,true,service-only,"colocated service record (CAT scale / truck service / roadside) at a network site — reconciled, never a map pin, never parking coverage"
5ca065f4-b503-45a1-9636-b5d8e4505c36,CAT Scale at Petro Remington #382,IN,Remington,cat-scales,true,service-only,"colocated service record (CAT scale / truck service / roadside) at a network site — reconciled, never a map pin, never parking coverage"
5e829807-6932-4f13-b44f-e5dea115f755,Petro Knoxville,TN,Knoxville,truck-stops,true,safe-enrichment,the site’s own row; enrichment plan prepared for its blanks
5ff985fa-b430-487b-8217-485a94e97d7d,CAT Scale at Petro Stopping Center #326,AR,North Little Rock,cat-scales,true,service-only,"colocated service record (CAT scale / truck service / roadside) at a network site — reconciled, never a map pin, never parking coverage"
6127835d-06d1-42a8-bfdc-aa63201b3ff4,"CAT Scale — TA Wapakoneta #082, Wapakoneta",OH,Wapakoneta,cat-scales,true,service-only,"colocated service record (CAT scale / truck service / roadside) at a network site — reconciled, never a map pin, never parking coverage"
647347d8-57c8-4ae1-8388-cdd3897bd0bf,TA Truck Service - TA Franklin #157,TN,Franklin,tire-repair,true,service-only,"colocated service record (CAT scale / truck service / roadside) at a network site — reconciled, never a map pin, never parking coverage"
687996be-4fd9-4464-a9b3-3df5b2c7f505,TA Travel Center #288 (Lake City),FL,Lake City,truck-stops,true,safe-enrichment,the site’s own row; enrichment plan prepared for its blanks
68afff98-8a4c-42be-b099-e87e50b08a38,TA Express Cookeville,TN,Cookeville,truck-stops,true,safe-enrichment,the site’s own row; enrichment plan prepared for its blanks
6bad6451-4f76-45b8-9a3b-4a1aad414f83,TA Savannah (TravelCenters of America #177),GA,Richmond Hill,truck-stops,true,safe-enrichment,the site’s own row; enrichment plan prepared for its blanks
6d390c19-277a-4cba-952d-0d1f19caa00a,TA Truck Service - TA Cartersville,GA,Cartersville,tire-repair,true,service-only,"colocated service record (CAT scale / truck service / roadside) at a network site — reconciled, never a map pin, never parking coverage"
6de301f3-14ca-4c44-b816-1820cd9f4ae7,"CAT Scale — Petro Stopping Center #323, Reddick",FL,Reddick,cat-scales,true,service-only,"colocated service record (CAT scale / truck service / roadside) at a network site — reconciled, never a map pin, never parking coverage"
713ec7f7-b945-4cab-8cda-063d5d117e1b,TA Truck Service - Wildwood,FL,Wildwood,tire-repair,true,service-only,"colocated service record (CAT scale / truck service / roadside) at a network site — reconciled, never a map pin, never parking coverage"
74398e08-61e6-41b8-b3fd-e22c6c6cf6d0,TA Jacksonville South #248,FL,Saint Johns,truck-stops,false,duplicate,"duplicates official site ""TA Jacksonville South"" which already has its own (imported) production row"
76b5c804-3a44-4f97-bbce-c1f66830b180,CAT Scale at TA Express Atkins,AR,Atkins,cat-scales,true,service-only,"colocated service record (CAT scale / truck service / roadside) at a network site — reconciled, never a map pin, never parking coverage"
779bb801-20f2-4567-b127-011270581bd1,TA Truck Service at Petro Gary,IN,Gary,roadside-service,true,service-only,"colocated service record (CAT scale / truck service / roadside) at a network site — reconciled, never a map pin, never parking coverage"
783d1792-e352-4fb3-bd2b-fc38951c19c8,TA Gary #010 (Burr Street),IN,Gary,truck-stops,true,safe-enrichment,the site’s own row; enrichment plan prepared for its blanks
7a03c1f5-6b4d-4951-98a2-a3e752d2270b,TA Richmond (TravelCenters of America),VA,Ashland,truck-stops,false,safe-enrichment,the site’s own row; enrichment plan prepared for its blanks
7ac0bc00-385a-48e5-875a-1576872a51f5,"CAT Scale — TA Knoxville West #269, Knoxville (Watt Road)",TN,Knoxville,cat-scales,true,service-only,"colocated service record (CAT scale / truck service / roadside) at a network site — reconciled, never a map pin, never parking coverage"
7b340f8f-28fc-4bca-83a8-bee8a793a4fb,TA Travel Center - Monroe #069,MI,Monroe,truck-stops,true,safe-enrichment,the site’s own row; enrichment plan prepared for its blanks
7d74bb54-f22d-4594-8bc8-9d9710f88ac0,TA Vero Beach #197,FL,Vero Beach,truck-stops,true,safe-enrichment,the site’s own row; enrichment plan prepared for its blanks
7eaa790a-ef79-4337-8268-12328f968bfb,TA Truck Service #326 (at Petro N. Little Rock),AR,North Little Rock,roadside-service,true,service-only,"colocated service record (CAT scale / truck service / roadside) at a network site — reconciled, never a map pin, never parking coverage"
7ee7902b-c0a6-4f09-8cd7-ba06e9ecb000,TA Truck Service at TA Gary,IN,Gary,roadside-service,true,service-only,"colocated service record (CAT scale / truck service / roadside) at a network site — reconciled, never a map pin, never parking coverage"
8018aa5b-c428-465d-9809-fde4e03cd4a2,Petro Stopping Center Kingston Springs #349,TN,Kingston Springs,truck-stops,true,safe-enrichment,the site’s own row; enrichment plan prepared for its blanks
805a25ba-76a7-4f54-a6f6-0cc3ec6e3ff9,TA Truck Service - TA Florence,KY,Florence,roadside-service,true,service-only,"colocated service record (CAT scale / truck service / roadside) at a network site — reconciled, never a map pin, never parking coverage"
8578017a-7ea0-4c38-a6ed-abf7b5a39d0f,Petro Gary #369 (Grant Street),IN,Gary,truck-stops,true,safe-enrichment,the site’s own row; enrichment plan prepared for its blanks
8bf6630b-8c97-45c5-b219-f6b2e21d760a,Petro / TA Florence (TravelCenters of America #195),SC,Florence,truck-stops,true,safe-enrichment,the site’s own row; enrichment plan prepared for its blanks
8e79a54d-cad6-460c-9fd5-d5d118342bd3,CAT Scale at TA Express Stony Creek,VA,Stony Creek,cat-scales,true,service-only,"colocated service record (CAT scale / truck service / roadside) at a network site — reconciled, never a map pin, never parking coverage"
904bda8d-b42d-49ce-88d2-5b2fd4ca4191,Petro Stopping Center #323 (Ocala / Reddick),FL,Reddick,truck-stops,true,safe-enrichment,the site’s own row; enrichment plan prepared for its blanks
91b8ddaa-6012-4ab7-839a-ded888eb912d,TA Candler (TravelCenters of America #221),NC,Candler,truck-stops,true,safe-enrichment,the site’s own row; enrichment plan prepared for its blanks
93653e22-f954-4d6b-acd8-9f547ce4b947,TA Lake Park #249,GA,Lake Park,truck-stops,true,exact-match,the site’s own row; already carries everything the master states
9c955780-f55e-47c3-b3d1-62781388e2af,TA Truck Service - Jacksonville South,FL,Saint Johns,tire-repair,false,service-only,"colocated service record (CAT scale / truck service / roadside) at a network site — reconciled, never a map pin, never parking coverage"
a8c59dd9-a02e-41d1-b843-850c5fa78b43,TA Truck Service - Whitestown,IN,Whitestown,roadside-service,true,service-only,"colocated service record (CAT scale / truck service / roadside) at a network site — reconciled, never a map pin, never parking coverage"
aa56235a-c422-4907-84f7-289e8ff3d204,TA Truck Service - TA Atlanta South,GA,Jackson,tire-repair,true,service-only,"colocated service record (CAT scale / truck service / roadside) at a network site — reconciled, never a map pin, never parking coverage"
ae07d309-759d-4ad4-bf96-96cc0f8f3ebe,TA Truck Service at Petro Dodge City,AL,Hanceville,roadside-service,true,service-only,"colocated service record (CAT scale / truck service / roadside) at a network site — reconciled, never a map pin, never parking coverage"
ae5c7f98-3827-4f30-a664-af01f578db47,TA Truck Service (Elkton),MD,Elkton,tire-repair,true,service-only,"colocated service record (CAT scale / truck service / roadside) at a network site — reconciled, never a map pin, never parking coverage"
b051d12e-5a30-48cf-b09f-641248bd3468,CAT Scale at Petro Stopping Center #311,AR,West Memphis,cat-scales,true,service-only,"colocated service record (CAT scale / truck service / roadside) at a network site — reconciled, never a map pin, never parking coverage"
b3599210-d9f5-44da-8fc9-fedf5816e0ed,TA Truck Service - TA Earle,AR,Earle,roadside-service,true,service-only,"colocated service record (CAT scale / truck service / roadside) at a network site — reconciled, never a map pin, never parking coverage"
b5977e77-d52c-472c-8621-4ea27662cfb4,TA Truck Service - Saginaw (#198),MI,Bridgeport,tire-repair,true,service-only,"colocated service record (CAT scale / truck service / roadside) at a network site — reconciled, never a map pin, never parking coverage"
b621363d-e4d4-40c6-a04d-09e950264b12,TA Manning (TravelCenters of America #179),SC,Manning,truck-stops,true,safe-enrichment,the site’s own row; enrichment plan prepared for its blanks
b9b49d33-ae7d-4ca0-b197-6986c17eef18,TA Seymour,IN,Seymour,truck-stops,true,safe-enrichment,the site’s own row; enrichment plan prepared for its blanks
bb4d283f-1f08-4acd-a062-850f5bc309c6,Petro Stopping Center #325,OH,North Baltimore,truck-stops,true,safe-enrichment,the site’s own row; enrichment plan prepared for its blanks
bd27e9bc-6b14-4810-b20d-26a04702c477,Petro Stopping Center #382,IN,Remington,truck-stops,true,safe-enrichment,the site’s own row; enrichment plan prepared for its blanks
bd4ef3ee-4a8d-48f5-bb60-aaa6dddd648d,"TA Truck Service - TA Wapakoneta #082, Wapakoneta",OH,Wapakoneta,roadside-service,true,service-only,"colocated service record (CAT scale / truck service / roadside) at a network site — reconciled, never a map pin, never parking coverage"
c5817bd7-5700-4967-ae76-f2c259d84dc7,TA Truck Service - TA Caryville,TN,Pioneer,tire-repair,true,service-only,"colocated service record (CAT scale / truck service / roadside) at a network site — reconciled, never a map pin, never parking coverage"
c63db5dc-8787-4c30-b828-16e6ea586188,TA Truck Service - Seymour,IN,Seymour,roadside-service,true,service-only,"colocated service record (CAT scale / truck service / roadside) at a network site — reconciled, never a map pin, never parking coverage"
c836ca77-8b3f-4c79-b105-d28f08025772,CAT Scale at TA Express Cookeville,TN,Cookeville,cat-scales,true,service-only,"colocated service record (CAT scale / truck service / roadside) at a network site — reconciled, never a map pin, never parking coverage"
cd4783d1-b67c-4c09-b056-6a72f5606229,TA Knoxville West,TN,Knoxville,truck-stops,true,safe-enrichment,the site’s own row; enrichment plan prepared for its blanks
d19be5c3-65f2-471d-9281-0cfeeaa8ceb0,TA Franklin (TravelCenters of America #157),TN,Franklin,truck-stops,true,safe-enrichment,the site’s own row; enrichment plan prepared for its blanks
d434bf32-4491-4e98-bf73-b3902abf4f8d,CAT Scale - TA Franklin #157,TN,Franklin,cat-scales,true,service-only,"colocated service record (CAT scale / truck service / roadside) at a network site — reconciled, never a map pin, never parking coverage"
d7c49137-e82a-4601-8f1b-d35d8d932c3e,"CAT Scale — TA Saginaw #198, Bridgeport",MI,Bridgeport,cat-scales,true,service-only,"colocated service record (CAT scale / truck service / roadside) at a network site — reconciled, never a map pin, never parking coverage"
de64c6c1-113f-4ede-a07c-93d02f8f1193,TA Truck Service - Lake City,FL,Lake City,tire-repair,true,service-only,"colocated service record (CAT scale / truck service / roadside) at a network site — reconciled, never a map pin, never parking coverage"
dee17bfa-a6bf-4da0-8d48-95a9231de439,TA Walton,KY,Walton,truck-stops,true,safe-enrichment,the site’s own row; enrichment plan prepared for its blanks
e0b210c3-6279-48a6-b091-059a2aa3a3ca,TA Truck Service — Montgomery,AL,Montgomery,roadside-service,true,service-only,"colocated service record (CAT scale / truck service / roadside) at a network site — reconciled, never a map pin, never parking coverage"
e102d6bd-874c-43d0-b9f6-c8a9dbbe4832,TA Baltimore #216,MD,Baltimore,truck-stops,true,safe-enrichment,the site’s own row; enrichment plan prepared for its blanks
e36e07df-2f06-48a6-9494-8cf3b0f4cc15,TA Ashland (TravelCenters of America),VA,Ashland,truck-stops,false,safe-enrichment,the site’s own row; enrichment plan prepared for its blanks
eb48d156-9ad9-4fa3-b8eb-cfc7b29a49a4,TA Saginaw #198 (Bridgeport),MI,Bridgeport,truck-stops,true,safe-enrichment,the site’s own row; enrichment plan prepared for its blanks
ebb8ad22-3283-4fc6-9918-66a8ef8ef9dd,TA Express Stony Creek (former Davis Travel Center),VA,Stony Creek,truck-stops,true,safe-enrichment,the site’s own row; enrichment plan prepared for its blanks
ec42dd30-c4fc-415f-9b7e-c4627f74bae6,TA Truck Service - Petro Knoxville,TN,Knoxville,tire-repair,true,service-only,"colocated service record (CAT scale / truck service / roadside) at a network site — reconciled, never a map pin, never parking coverage"
eec1d852-2b50-47f7-a59e-b1238f1ace2d,TA Florence,KY,Florence,truck-stops,true,safe-enrichment,the site’s own row; enrichment plan prepared for its blanks
f35c37d4-6118-40c1-8380-1edf8e79777d,TA Elkton #019,MD,Elkton,truck-stops,true,safe-enrichment,the site’s own row; enrichment plan prepared for its blanks
f92acc99-4e8c-4f4a-9eb4-3953a57aae4f,TA Truck Service - Candler,NC,Candler,roadside-service,true,service-only,"colocated service record (CAT scale / truck service / roadside) at a network site — reconciled, never a map pin, never parking coverage"
ff19357b-eb93-4483-9e4e-ebb40e07fe36,TA Baltimore South #151,MD,Jessup,truck-stops,true,safe-enrichment,the site’s own row; enrichment plan prepared for its blanks
