site_id,brand,location_id,state,state_name,city,name,truck_parking_spaces,has_coordinate,weigh_scale,showers,disposition,reason
0001,TA,5045,VA,Virginia,Ashland,TA Ashland,183,true,y,11,unsupported,"plausible route-usable parking, but no authoritative source of record — an official TA export is required before any of this may be imported"
0002,TA,5025,NC,North Carolina,Whitsett,TA Greensboro,173,true,y,13,unsupported,"plausible route-usable parking, but no authoritative source of record — an official TA export is required before any of this may be imported"
0003,TA,5036,PA,Pennsylvania,Brookville,TA Brookville,221,true,y,8,unsupported,"plausible route-usable parking, but no authoritative source of record — an official TA export is required before any of this may be imported"
0006,TA,5022,NJ,New Jersey,Columbia,TA Columbia,172,true,y,7,unsupported,"plausible route-usable parking, but no authoritative source of record — an official TA export is required before any of this may be imported"
0007,TA,5002,AZ,Arizona,Eloy,TA Eloy,234,true,y,11,unsupported,"plausible route-usable parking, but no authoritative source of record — an official TA export is required before any of this may be imported"
0008,TA,5024,NM,New Mexico,Gallup,TA Gallup,76,true,y,9,unsupported,"plausible route-usable parking, but no authoritative source of record — an official TA export is required before any of this may be imported"
0010,TA,5013,IN,Indiana,Gary,TA Gary,318,true,y,14,unsupported,"plausible route-usable parking, but no authoritative source of record — an official TA export is required before any of this may be imported"
0011,TA,5028,OH,Ohio,Eaton,TA Dayton,198,true,y,9,unsupported,"plausible route-usable parking, but no authoritative source of record — an official TA export is required before any of this may be imported"
0012,TA,5037,PA,Pennsylvania,Harrisburg,TA Harrisburg,178,true,y,13,unsupported,"plausible route-usable parking, but no authoritative source of record — an official TA export is required before any of this may be imported"
0014,TA,5003,NM,New Mexico,Las Cruces,TA Las Cruces,201,true,y,10,unsupported,"plausible route-usable parking, but no authoritative source of record — an official TA export is required before any of this may be imported"
0015,TA,5030,OH,Ohio,Seville,TA Lodi,237,true,y,10,unsupported,"plausible route-usable parking, but no authoritative source of record — an official TA export is required before any of this may be imported"
0016,TA,5005,AL,Alabama,Tuscaloosa,TA Tuscaloosa,151,true,y,12,unsupported,"plausible route-usable parking, but no authoritative source of record — an official TA export is required before any of this may be imported"
0017,TA,5044,TX,Texas,Baytown,TA Baytown,173,true,y,10,unsupported,"plausible route-usable parking, but no authoritative source of record — an official TA export is required before any of this may be imported"
0019,TA,214,MD,Maryland,Elkton,TA Elkton,151,true,y,10,unsupported,"plausible route-usable parking, but no authoritative source of record — an official TA export is required before any of this may be imported"
0022,TA,5009,CT,Connecticut,Willington,TA Willington,240,true,y,10,unsupported,"plausible route-usable parking, but no authoritative source of record — an official TA export is required before any of this may be imported"
0023,TA,5004,NM,New Mexico,Santa Rosa,TA Santa Rosa,116,true,y,9,unsupported,"plausible route-usable parking, but no authoritative source of record — an official TA export is required before any of this may be imported"
0024,TA,118,OH,Ohio,London,TA London,138,true,y,10,unsupported,"plausible route-usable parking, but no authoritative source of record — an official TA export is required before any of this may be imported"
0025,TA,5039,SC,South Carolina,Duncan,TA Spartanburg,187,true,y,11,unsupported,"plausible route-usable parking, but no authoritative source of record — an official TA export is required before any of this may be imported"
0026,Petro,5007,CA,California,Ontario,Petro Ontario,559,true,y,30,unsupported,"plausible route-usable parking, but no authoritative source of record — an official TA export is required before any of this may be imported"
0028,TA,5017,KY,Kentucky,Walton,TA Walton,60,true,y,6,unsupported,"plausible route-usable parking, but no authoritative source of record — an official TA export is required before any of this may be imported"
0029,TA,189,OH,Ohio,Kingsville,TA Kingsville,158,true,y,9,unsupported,"plausible route-usable parking, but no authoritative source of record — an official TA export is required before any of this may be imported"
0030,TA,5012,IL,Illinois,Zion,TA Chicago North,215,true,y,12,unsupported,"plausible route-usable parking, but no authoritative source of record — an official TA export is required before any of this may be imported"
0032,TA,5047,WV,West Virginia,Valley Grove,TA Wheeling,168,true,y,12,unsupported,"plausible route-usable parking, but no authoritative source of record — an official TA export is required before any of this may be imported"
0033,TA,5006,AR,Arkansas,Earle,TA Earle,137,true,y,9,unsupported,"plausible route-usable parking, but no authoritative source of record — an official TA export is required before any of this may be imported"
0035,TA,5001,IL,Illinois,Effingham,TA Effingham,137,true,y,10,unsupported,"plausible route-usable parking, but no authoritative source of record — an official TA export is required before any of this may be imported"
0036,TA,5032,OK,Oklahoma,Oklahoma City,TA Oklahoma City East,175,true,y,12,unsupported,"plausible route-usable parking, but no authoritative source of record — an official TA export is required before any of this may be imported"
0039,TA,186,OH,Ohio,Hebron,TA Hebron,130,true,y,10,unsupported,"plausible route-usable parking, but no authoritative source of record — an official TA export is required before any of this may be imported"
0041,TA,5050,CA,California,Coachella,TA Coachella,205,true,y,15,unsupported,"plausible route-usable parking, but no authoritative source of record — an official TA export is required before any of this may be imported"
0043,TA,319,IL,Illinois,Mt. Vernon,TA Mt Vernon,136,true,y,11,unsupported,"plausible route-usable parking, but no authoritative source of record — an official TA export is required before any of this may be imported"
0044,TA,342,IL,Illinois,Hampshire,TA Elgin,92,true,y,10,unsupported,"plausible route-usable parking, but no authoritative source of record — an official TA export is required before any of this may be imported"
0045,TA,676,GA,Georgia,Madison,TA Madison,149,true,y,7,unsupported,"plausible route-usable parking, but no authoritative source of record — an official TA export is required before any of this may be imported"
0046,TA,785,LA,Louisiana,Tallulah,TA Tallulah,135,true,y,7,unsupported,"plausible route-usable parking, but no authoritative source of record — an official TA export is required before any of this may be imported"
0047,TA,756,MS,Mississippi,Meridian,TA Meridian,90,true,y,6,unsupported,"plausible route-usable parking, but no authoritative source of record — an official TA export is required before any of this may be imported"
0048,TA,212,NJ,New Jersey,Bloomsbury,TA Bloomsbury,122,true,y,7,unsupported,"plausible route-usable parking, but no authoritative source of record — an official TA export is required before any of this may be imported"
0049,TA,729,TX,Texas,Rockwall,TA Rockwall,100,true,y,7,unsupported,"plausible route-usable parking, but no authoritative source of record — an official TA export is required before any of this may be imported"
0050,TA,307,WI,Wisconsin,DeForest,TA Madison,118,true,y,9,unsupported,"plausible route-usable parking, but no authoritative source of record — an official TA export is required before any of this may be imported"
0051,TA,701,MO,Missouri,Matthews,TA Matthews,114,true,y,6,unsupported,"plausible route-usable parking, but no authoritative source of record — an official TA export is required before any of this may be imported"
0052,TA,317,MO,Missouri,Oak Grove,TA Oak Grove,118,true,y,9,unsupported,"plausible route-usable parking, but no authoritative source of record — an official TA export is required before any of this may be imported"
0053,TA,656,FL,Florida,Wildwood,TA Wildwood,170,true,y,10,unsupported,"plausible route-usable parking, but no authoritative source of record — an official TA export is required before any of this may be imported"
0054,TA,778,AL,Alabama,Grand Bay,TA Mobile,89,true,y,8,unsupported,"plausible route-usable parking, but no authoritative source of record — an official TA export is required before any of this may be imported"
0055,TA,5073,TX,Texas,Amarillo,TA Amarillo,185,true,y,10,unsupported,"plausible route-usable parking, but no authoritative source of record — an official TA export is required before any of this may be imported"
0056,TA,435,OR,Oregon,Aurora,TA Aurora,275,true,y,9,unsupported,"plausible route-usable parking, but no authoritative source of record — an official TA export is required before any of this may be imported"
0057,TA,433,CA,California,Redding,TA Redding,196,true,y,7,unsupported,"plausible route-usable parking, but no authoritative source of record — an official TA export is required before any of this may be imported"
0058,TA,120,OH,Ohio,Youngstown,TA Youngstown,145,true,y,9,unsupported,"plausible route-usable parking, but no authoritative source of record — an official TA export is required before any of this may be imported"
0059,TA,709,OK,Oklahoma,Oklahoma City,TA Oklahoma City West,101,true,y,8,unsupported,"plausible route-usable parking, but no authoritative source of record — an official TA export is required before any of this may be imported"
0060,TA,425,UT,Utah,Salt Lake City,TA Tooele,191,true,y,11,unsupported,"plausible route-usable parking, but no authoritative source of record — an official TA export is required before any of this may be imported"
0065,TA,5014,IN,Indiana,Seymour,TA Seymour,184,true,y,9,unsupported,"plausible route-usable parking, but no authoritative source of record — an official TA export is required before any of this may be imported"
0066,TA,528,IA,Iowa,Council Bluffs,TA Council Bluffs,78,true,y,8,unsupported,"plausible route-usable parking, but no authoritative source of record — an official TA export is required before any of this may be imported"
0067,TA,5034,PA,Pennsylvania,Harrisville,TA Barkeyville,112,true,y,8,unsupported,"plausible route-usable parking, but no authoritative source of record — an official TA export is required before any of this may be imported"
0068,TA,5038,PA,Pennsylvania,Lamar,TA Lamar,168,true,y,11,unsupported,"plausible route-usable parking, but no authoritative source of record — an official TA export is required before any of this may be imported"
0069,TA,5019,MI,Michigan,Monroe,TA Monroe,156,true,y,10,unsupported,"plausible route-usable parking, but no authoritative source of record — an official TA export is required before any of this may be imported"
0071,TA,5048,WI,Wisconsin,Janesville,TA Janesville,96,true,y,12,unsupported,"plausible route-usable parking, but no authoritative source of record — an official TA export is required before any of this may be imported"
0077,TA,5015,IA,Iowa,Walcott,TA Walcott,900,true,y,24,unsupported,"plausible route-usable parking, but no authoritative source of record — an official TA export is required before any of this may be imported"
0081,TA,424,NM,New Mexico,Albuquerque,TA Albuquerque,150,true,y,10,unsupported,"plausible route-usable parking, but no authoritative source of record — an official TA export is required before any of this may be imported"
0082,TA,5082,OH,Ohio,Wapakoneta,TA Wapakoneta,145,true,y,7,unsupported,"plausible route-usable parking, but no authoritative source of record — an official TA export is required before any of this may be imported"
0087,TA,178,OH,Ohio,Perrysburg,TA Toledo,177,true,y,12,unsupported,"plausible route-usable parking, but no authoritative source of record — an official TA export is required before any of this may be imported"
0089,TA,312,MI,Michigan,Dexter,TA Ann Arbor,203,true,y,8,unsupported,"plausible route-usable parking, but no authoritative source of record — an official TA export is required before any of this may be imported"
0090,TA,502,NE,Nebraska,Ogallala,TA Ogallala,94,true,y,9,unsupported,"plausible route-usable parking, but no authoritative source of record — an official TA export is required before any of this may be imported"
0091,TA,5091,KS,Kansas,Oakley,TA Oakley,84,true,y,6,unsupported,"plausible route-usable parking, but no authoritative source of record — an official TA export is required before any of this may be imported"
0092,TA,322,IL,Illinois,Bloomington,TA Bloomington,160,true,y,8,unsupported,"plausible route-usable parking, but no authoritative source of record — an official TA export is required before any of this may be imported"
0093,TA,5072,KY,Kentucky,Florence,TA Florence,123,true,y,6,unsupported,"plausible route-usable parking, but no authoritative source of record — an official TA export is required before any of this may be imported"
0094,TA,439,AZ,Arizona,Kingman,TA Kingman,115,true,y,11,unsupported,"plausible route-usable parking, but no authoritative source of record — an official TA export is required before any of this may be imported"
0095,TA,104,OH,Ohio,Canton,TA North Canton,85,true,y,4,unsupported,"plausible route-usable parking, but no authoritative source of record — an official TA export is required before any of this may be imported"
0108,TA,421,NV,Nevada,Las Vegas,TA Las Vegas,144,true,y,13,unsupported,"plausible route-usable parking, but no authoritative source of record — an official TA export is required before any of this may be imported"
0116,TA,384,MI,Michigan,Sawyer,TA Sawyer,155,true,y,9,unsupported,"plausible route-usable parking, but no authoritative source of record — an official TA export is required before any of this may be imported"
0117,TA,768,TN,Tennessee,Antioch,TA Antioch,122,true,y,10,unsupported,"plausible route-usable parking, but no authoritative source of record — an official TA export is required before any of this may be imported"
0137,TA,310,MO,Missouri,Strafford,TA Strafford,140,true,y,8,unsupported,"plausible route-usable parking, but no authoritative source of record — an official TA export is required before any of this may be imported"
0139,TA,187,OH,Ohio,Jeffersonville,TA Jeffersonville,144,true,y,7,unsupported,"plausible route-usable parking, but no authoritative source of record — an official TA export is required before any of this may be imported"
0142,TA,210,VA,Virginia,Ashland,TA Richmond,317,true,y,10,unsupported,"plausible route-usable parking, but no authoritative source of record — an official TA export is required before any of this may be imported"
0143,TA,217,VA,Virginia,Wytheville,TA Wytheville,114,true,y,12,unsupported,"plausible route-usable parking, but no authoritative source of record — an official TA export is required before any of this may be imported"
0146,TA,5071,GA,Georgia,Cartersville,TA Cartersville,212,true,y,10,unsupported,"plausible route-usable parking, but no authoritative source of record — an official TA export is required before any of this may be imported"
0147,TA,5076,TX,Texas,San Antonio,TA San Antonio,238,true,y,10,unsupported,"plausible route-usable parking, but no authoritative source of record — an official TA export is required before any of this may be imported"
0148,TA,5070,CO,Colorado,Commerce City,TA Commerce City,224,true,y,10,unsupported,"plausible route-usable parking, but no authoritative source of record — an official TA export is required before any of this may be imported"
0149,TA,198,WV,West Virginia,Hurricane,TA Hurricane,76,true,y,7,unsupported,"plausible route-usable parking, but no authoritative source of record — an official TA export is required before any of this may be imported"
0150,TA,5078,TX,Texas,Dallas,TA Dallas South,136,true,y,9,unsupported,"plausible route-usable parking, but no authoritative source of record — an official TA export is required before any of this may be imported"
0151,TA,5018,MD,Maryland,Jessup,TA Baltimore South,436,true,y,19,unsupported,"plausible route-usable parking, but no authoritative source of record — an official TA export is required before any of this may be imported"
0152,TA,5074,OK,Oklahoma,Sayre,TA Sayre,101,true,y,7,unsupported,"plausible route-usable parking, but no authoritative source of record — an official TA export is required before any of this may be imported"
0153,TA,6153,TX,Texas,Laredo,TA Laredo,336,true,y,15,unsupported,"plausible route-usable parking, but no authoritative source of record — an official TA export is required before any of this may be imported"
0154,TA,5079,CT,Connecticut,Milldale,TA Southington,145,true,y,10,unsupported,"plausible route-usable parking, but no authoritative source of record — an official TA export is required before any of this may be imported"
0156,TA,677,GA,Georgia,Commerce,TA Commerce,89,true,y,14,unsupported,"plausible route-usable parking, but no authoritative source of record — an official TA export is required before any of this may be imported"
0158,TA Express,5084,FL,Florida,Seffner,TA Express Tampa,81,true,y,7,unsupported,"plausible route-usable parking, but no authoritative source of record — an official TA export is required before any of this may be imported"
0160,TA,429,CA,California,Buttonwillow,TA Buttonwillow,170,true,y,8,unsupported,"plausible route-usable parking, but no authoritative source of record — an official TA export is required before any of this may be imported"
0161,TA,770,LA,Louisiana,Lafayette,TA Lafayette,128,true,y,9,unsupported,"plausible route-usable parking, but no authoritative source of record — an official TA export is required before any of this may be imported"
0162,TA,417,CA,California,Ontario,TA Ontario,549,true,y,17,unsupported,"plausible route-usable parking, but no authoritative source of record — an official TA export is required before any of this may be imported"
0163,TA,431,CA,California,Santa Nella,TA Santa Nella,216,true,y,12,unsupported,"plausible route-usable parking, but no authoritative source of record — an official TA export is required before any of this may be imported"
0167,TA,5053,ID,Idaho,Boise,TA Boise,171,true,y,12,unsupported,"plausible route-usable parking, but no authoritative source of record — an official TA export is required before any of this may be imported"
0170,TA,6170,CA,California,Livingston,TA Livingston,102,true,y,7,unsupported,"plausible route-usable parking, but no authoritative source of record — an official TA export is required before any of this may be imported"
0171,TA Express,115,CT,Connecticut,Branford,TA Express New Haven,75,true,y,7,unsupported,"plausible route-usable parking, but no authoritative source of record — an official TA export is required before any of this may be imported"
0172,TA,428,NV,Nevada,Sparks,TA Sparks,200,true,y,10,unsupported,"plausible route-usable parking, but no authoritative source of record — an official TA export is required before any of this may be imported"
0173,TA,306,IN,Indiana,Whitestown,TA Whitestown,169,true,y,9,unsupported,"plausible route-usable parking, but no authoritative source of record — an official TA export is required before any of this may be imported"
0174,TA,432,CO,Colorado,Wheat Ridge,TA Wheat Ridge,116,true,y,7,unsupported,"plausible route-usable parking, but no authoritative source of record — an official TA export is required before any of this may be imported"
0175,TA,315,MO,Missouri,Foristell,TA Foristell,95,true,y,8,unsupported,"plausible route-usable parking, but no authoritative source of record — an official TA export is required before any of this may be imported"
0176,TA,5087,WA,Washington,North Bend,TA Seattle East,140,true,y,8,unsupported,"plausible route-usable parking, but no authoritative source of record — an official TA export is required before any of this may be imported"
0177,TA,604,GA,Georgia,Richmond Hill,TA Savannah,222,true,y,8,unsupported,"plausible route-usable parking, but no authoritative source of record — an official TA export is required before any of this may be imported"
0178,TA,605,FL,Florida,Marianna,TA Marianna,123,true,y,9,unsupported,"plausible route-usable parking, but no authoritative source of record — an official TA export is required before any of this may be imported"
0179,TA,213,SC,South Carolina,Manning,TA Manning,84,true,y,8,unsupported,"plausible route-usable parking, but no authoritative source of record — an official TA export is required before any of this may be imported"
0180,TA,725,LA,Louisiana,Slidell,TA Slidell,111,true,y,10,unsupported,"plausible route-usable parking, but no authoritative source of record — an official TA export is required before any of this may be imported"
0181,TA,5058,NV,Nevada,Mill City,TA Mill City,152,true,y,10,unsupported,"plausible route-usable parking, but no authoritative source of record — an official TA export is required before any of this may be imported"
0183,TA,5060,OR,Oregon,Troutdale,TA Troutdale,240,true,y,12,unsupported,"plausible route-usable parking, but no authoritative source of record — an official TA export is required before any of this may be imported"
0186,TA Express,5064,UT,Utah,Parowan,TA Express Parowan,90,true,y,6,unsupported,"plausible route-usable parking, but no authoritative source of record — an official TA export is required before any of this may be imported"
0187,TA,5065,WY,Wyoming,Burns,TA Cheyenne,140,true,y,12,unsupported,"plausible route-usable parking, but no authoritative source of record — an official TA export is required before any of this may be imported"
0188,TA,5067,WY,Wyoming,Ft. Bridger,TA Ft. Bridger,165,true,y,9,unsupported,"plausible route-usable parking, but no authoritative source of record — an official TA export is required before any of this may be imported"
0193,TA,512,NE,Nebraska,Alda,TA Grand Island,82,true,y,7,unsupported,"plausible route-usable parking, but no authoritative source of record — an official TA export is required before any of this may be imported"
0194,TA,102,NY,New York,Corfu,TA Pembroke,132,true,y,6,unsupported,"plausible route-usable parking, but no authoritative source of record — an official TA export is required before any of this may be imported"
0197,TA,672,FL,Florida,Vero Beach,TA Vero Beach,162,true,y,9,unsupported,"plausible route-usable parking, but no authoritative source of record — an official TA export is required before any of this may be imported"
0199,TA,5199,IL,Illinois,Troy,TA Troy,92,true,y,7,unsupported,"plausible route-usable parking, but no authoritative source of record — an official TA export is required before any of this may be imported"
0201,TA,6201,TN,Tennessee,Greeneville,TA Davy Crockett Travel Center,245,true,y,10,unsupported,"plausible route-usable parking, but no authoritative source of record — an official TA export is required before any of this may be imported"
0207,TA,6207,NY,New York,Binghamton,TA Binghamton,125,true,y,6,unsupported,"plausible route-usable parking, but no authoritative source of record — an official TA export is required before any of this may be imported"
0208,TA,6208,NY,New York,Dansville,TA Dansville,102,true,y,5,unsupported,"plausible route-usable parking, but no authoritative source of record — an official TA export is required before any of this may be imported"
0210,TA,6210,NY,New York,Montgomery,TA Maybrook,160,true,y,11,unsupported,"plausible route-usable parking, but no authoritative source of record — an official TA export is required before any of this may be imported"
0211,TA,6211,NH,New Hampshire,Greenland,TA Greenland,72,true,y,7,unsupported,"plausible route-usable parking, but no authoritative source of record — an official TA export is required before any of this may be imported"
0212,TA,6212,PA,Pennsylvania,Bloomsburg,TA Bloomsburg,190,true,y,13,unsupported,"plausible route-usable parking, but no authoritative source of record — an official TA export is required before any of this may be imported"
0213,TA,6213,PA,Pennsylvania,Greencastle,TA Greencastle,190,true,y,14,unsupported,"plausible route-usable parking, but no authoritative source of record — an official TA export is required before any of this may be imported"
0214,TA,6214,PA,Pennsylvania,Milesburg,TA Milesburg,122,true,y,4,unsupported,"plausible route-usable parking, but no authoritative source of record — an official TA export is required before any of this may be imported"
0215,TA,6215,PA,Pennsylvania,Erie,TA Harborcreek,266,true,y,11,unsupported,"plausible route-usable parking, but no authoritative source of record — an official TA export is required before any of this may be imported"
0216,TA,6216,MD,Maryland,Baltimore,TA Baltimore,181,true,y,11,unsupported,"plausible route-usable parking, but no authoritative source of record — an official TA export is required before any of this may be imported"
0220,TA,6220,IN,Indiana,Porter,TA Porter,212,true,y,9,unsupported,"plausible route-usable parking, but no authoritative source of record — an official TA export is required before any of this may be imported"
0221,TA,6221,NC,North Carolina,Candler,TA Candler,106,true,y,8,unsupported,"plausible route-usable parking, but no authoritative source of record — an official TA export is required before any of this may be imported"
0224,TA,6224,AR,Arkansas,Prescott,TA Prescott,292,true,y,11,unsupported,"plausible route-usable parking, but no authoritative source of record — an official TA export is required before any of this may be imported"
0225,TA,6225,AZ,Arizona,Tonopah,TA Tonopah,407,true,y,18,unsupported,"plausible route-usable parking, but no authoritative source of record — an official TA export is required before any of this may be imported"
0226,TA,6226,AZ,Arizona,Willcox,TA Willcox,229,true,y,10,unsupported,"plausible route-usable parking, but no authoritative source of record — an official TA export is required before any of this may be imported"
0227,TA,6227,CA,California,Barstow,TA Barstow,303,true,y,17,unsupported,"plausible route-usable parking, but no authoritative source of record — an official TA export is required before any of this may be imported"
0228,TA,6228,CO,Colorado,Limon,TA Limon,104,true,y,8,unsupported,"plausible route-usable parking, but no authoritative source of record — an official TA export is required before any of this may be imported"
0229,TA,6229,NM,New Mexico,Moriarty,TA Moriarty,245,true,y,10,unsupported,"plausible route-usable parking, but no authoritative source of record — an official TA export is required before any of this may be imported"
0230,TA,6230,TX,Texas,Big Spring,TA Big Spring,108,true,y,9,unsupported,"plausible route-usable parking, but no authoritative source of record — an official TA export is required before any of this may be imported"
0231,TA,6231,TX,Texas,Ganado,TA Ganado,104,true,y,9,unsupported,"plausible route-usable parking, but no authoritative source of record — an official TA export is required before any of this may be imported"
0232,TA,6232,TX,Texas,New Braunfels,TA New Braunfels,220,true,y,13,unsupported,"plausible route-usable parking, but no authoritative source of record — an official TA export is required before any of this may be imported"
0233,TA,6233,TX,Texas,Terrell,TA Terrell,300,true,y,12,unsupported,"plausible route-usable parking, but no authoritative source of record — an official TA export is required before any of this may be imported"
0234,TA,6234,WY,Wyoming,Rawlins,TA Rawlins,188,true,y,12,unsupported,"plausible route-usable parking, but no authoritative source of record — an official TA export is required before any of this may be imported"
0235,TA,5085,TX,Texas,Edinburg,TA Edinburg,105,true,y,5,unsupported,"plausible route-usable parking, but no authoritative source of record — an official TA export is required before any of this may be imported"
0236,TA,6236,IL,Illinois,Morris,TA Morris,292,true,y,6,unsupported,"plausible route-usable parking, but no authoritative source of record — an official TA export is required before any of this may be imported"
0237,TA,6237,LA,Louisiana,Greenwood,TA Greenwood,177,true,y,10,unsupported,"plausible route-usable parking, but no authoritative source of record — an official TA export is required before any of this may be imported"
0238,Petro,6238,SC,South Carolina,Columbia,Petro Columbia,134,true,y,10,unsupported,"plausible route-usable parking, but no authoritative source of record — an official TA export is required before any of this may be imported"
0239,TA,6239,CA,California,Arvin,TA Wheeler Ridge,306,true,y,10,unsupported,"plausible route-usable parking, but no authoritative source of record — an official TA export is required before any of this may be imported"
0241,TA,6241,IN,Indiana,DeMotte,TA DeMotte,133,true,y,6,unsupported,"plausible route-usable parking, but no authoritative source of record — an official TA export is required before any of this may be imported"
0242,TA,6242,MI,Michigan,Battle Creek,TA Battle Creek,157,true,y,6,unsupported,"plausible route-usable parking, but no authoritative source of record — an official TA export is required before any of this may be imported"
0245,TA,6245,TN,Tennessee,Denmark,TA Denmark,92,true,y,8,unsupported,"plausible route-usable parking, but no authoritative source of record — an official TA export is required before any of this may be imported"
0246,TA,6246,AZ,Arizona,Holbrook,TA Holbrook,75,true,y,9,unsupported,"plausible route-usable parking, but no authoritative source of record — an official TA export is required before any of this may be imported"
0247,TA,6247,FL,Florida,Baldwin,TA Baldwin,90,true,y,6,unsupported,"plausible route-usable parking, but no authoritative source of record — an official TA export is required before any of this may be imported"
0248,TA,6248,FL,Florida,Jacksonville,TA Jacksonville South,87,true,y,6,unsupported,"plausible route-usable parking, but no authoritative source of record — an official TA export is required before any of this may be imported"
0249,TA,6249,GA,Georgia,Lake Park,TA Lake Park,75,true,y,6,unsupported,"plausible route-usable parking, but no authoritative source of record — an official TA export is required before any of this may be imported"
0251,TA,6251,NC,North Carolina,Mocksville,TA Mocksville,130,true,y,7,unsupported,"plausible route-usable parking, but no authoritative source of record — an official TA export is required before any of this may be imported"
0252,TA,6252,KS,Kansas,Lebo,TA Beto Junction,226,true,y,8,unsupported,"plausible route-usable parking, but no authoritative source of record — an official TA export is required before any of this may be imported"
0253,TA,6253,RI,Rhode Island,West Greenwich,TA West Greenwich,180,true,y,6,unsupported,"plausible route-usable parking, but no authoritative source of record — an official TA export is required before any of this may be imported"
0254,TA,6254,IA,Iowa,Brooklyn,TA Brooklyn,70,true,y,5,unsupported,"plausible route-usable parking, but no authoritative source of record — an official TA export is required before any of this may be imported"
0255,TA,6255,TN,Tennessee,Pioneer,TA Caryville,80,true,y,8,unsupported,"plausible route-usable parking, but no authoritative source of record — an official TA export is required before any of this may be imported"
0257,TA,6257,IN,Indiana,Clayton,TA Clayton,100,true,y,6,unsupported,"plausible route-usable parking, but no authoritative source of record — an official TA export is required before any of this may be imported"
0258,TA,6258,GA,Georgia,Brunswick,TA Brunswick,107,true,y,9,unsupported,"plausible route-usable parking, but no authoritative source of record — an official TA export is required before any of this may be imported"
0259,TA Express,6259,ND,North Dakota,Alexander,TA Express Alexander,55,true,y,6,unsupported,"plausible route-usable parking, but no authoritative source of record — an official TA export is required before any of this may be imported"
0261,TA,6261,MT,Montana,Laurel,TA Laurel,80,true,y,4,unsupported,"plausible route-usable parking, but no authoritative source of record — an official TA export is required before any of this may be imported"
0266,TA,6266,TX,Texas,Denton,TA Denton,138,true,y,7,unsupported,"plausible route-usable parking, but no authoritative source of record — an official TA export is required before any of this may be imported"
0268,TA,6268,GA,Georgia,Jackson,TA Atlanta South,108,true,y,8,unsupported,"plausible route-usable parking, but no authoritative source of record — an official TA export is required before any of this may be imported"
0269,TA,6269,TN,Tennessee,Knoxville,TA Knoxville West,176,true,y,12,unsupported,"plausible route-usable parking, but no authoritative source of record — an official TA export is required before any of this may be imported"
0270,TA,6270,TX,Texas,Sealy,TA Bernardo,43,true,y,5,unsupported,"plausible route-usable parking, but no authoritative source of record — an official TA export is required before any of this may be imported"
0272,TA Express,1750,ND,North Dakota,Steele,TA Express Steele,70,true,,6,unsupported,"plausible route-usable parking, but no authoritative source of record — an official TA export is required before any of this may be imported"
0273,TA Express,6273,SD,South Dakota,Hot Springs,TA Express Hot Springs,75,true,y,2,unsupported,"plausible route-usable parking, but no authoritative source of record — an official TA export is required before any of this may be imported"
0274,TA Express,6274,SD,South Dakota,Summit,TA Express Summit,70,true,y,4,unsupported,"plausible route-usable parking, but no authoritative source of record — an official TA export is required before any of this may be imported"
0275,TA Express,6275,SD,South Dakota,Burbank,TA Express Vermillion,105,true,y,5,unsupported,"plausible route-usable parking, but no authoritative source of record — an official TA export is required before any of this may be imported"
0276,TA,6276,OR,Oregon,Huntington,TA Huntington,140,true,,6,unsupported,"plausible route-usable parking, but no authoritative source of record — an official TA export is required before any of this may be imported"
0277,TA Express,6277,TX,Texas,Baytown,TA Express Baytown South,29,true,y,3,unsupported,"plausible route-usable parking, but no authoritative source of record — an official TA export is required before any of this may be imported"
0279,TA Express,6279,OR,Oregon,Wasco,TA Express Biggs Junction,35,true,,7,unsupported,"plausible route-usable parking, but no authoritative source of record — an official TA export is required before any of this may be imported"
0281,TA Express,6281,TX,Texas,Kilgore,TA Express Kilgore,63,true,,7,unsupported,"plausible route-usable parking, but no authoritative source of record — an official TA export is required before any of this may be imported"
0282,TA Express,6282,TX,Texas,Almeda,TA Express Almeda,50,true,y,3,unsupported,"plausible route-usable parking, but no authoritative source of record — an official TA export is required before any of this may be imported"
0283,TA Express,6283,GA,Georgia,West Point,TA Express West Point,26,true,y,4,unsupported,"plausible route-usable parking, but no authoritative source of record — an official TA export is required before any of this may be imported"
0284,TA Express,6284,KS,Kansas,Edgerton,TA Express Edgerton,90,true,,4,unsupported,"plausible route-usable parking, but no authoritative source of record — an official TA export is required before any of this may be imported"
0286,TA Express,6286,TX,Texas,Mount Vernon,TA Express Mount Vernon,110,true,,6,unsupported,"plausible route-usable parking, but no authoritative source of record — an official TA export is required before any of this may be imported"
0287,TA Express,6287,TN,Tennessee,Cookeville,TA Express Cookeville,59,true,y,6,unsupported,"plausible route-usable parking, but no authoritative source of record — an official TA export is required before any of this may be imported"
0288,TA,6288,FL,Florida,Lake City,TA Lake City,250,true,y,14,unsupported,"plausible route-usable parking, but no authoritative source of record — an official TA export is required before any of this may be imported"
0289,TA Express,6289,TX,Texas,Nacogdoches,TA Express Nacogdoches,95,true,,5,unsupported,"plausible route-usable parking, but no authoritative source of record — an official TA export is required before any of this may be imported"
0290,TA Express,6290,TX,Texas,Fairfield,TA Express Fairfield,102,true,y,9,unsupported,"plausible route-usable parking, but no authoritative source of record — an official TA export is required before any of this may be imported"
0292,TA Express,6292,AZ,Arizona,White Hills,TA Express White Hills,67,true,y,7,unsupported,"plausible route-usable parking, but no authoritative source of record — an official TA export is required before any of this may be imported"
0293,TA Express,6293,TX,Texas,Carthage,TA Express Carthage,76,true,,4,unsupported,"plausible route-usable parking, but no authoritative source of record — an official TA export is required before any of this may be imported"
0301,Petro,6301,TX,Texas,El Paso,Petro El Paso,290,true,y,15,unsupported,"plausible route-usable parking, but no authoritative source of record — an official TA export is required before any of this may be imported"
0302,Petro,6302,TX,Texas,Weatherford,Petro Weatherford,275,true,y,16,unsupported,"plausible route-usable parking, but no authoritative source of record — an official TA export is required before any of this may be imported"
0303,Petro,6303,WY,Wyoming,Laramie,Petro Laramie,236,true,y,14,unsupported,"plausible route-usable parking, but no authoritative source of record — an official TA export is required before any of this may be imported"
0304,Petro,6304,TX,Texas,Beaumont,Petro Beaumont,275,true,y,13,unsupported,"plausible route-usable parking, but no authoritative source of record — an official TA export is required before any of this may be imported"
0305,Petro,6305,TX,Texas,San Antonio,Petro San Antonio,250,true,y,13,unsupported,"plausible route-usable parking, but no authoritative source of record — an official TA export is required before any of this may be imported"
0306,Petro,6306,AZ,Arizona,Casa Grande,Petro Eloy,175,true,y,10,unsupported,"plausible route-usable parking, but no authoritative source of record — an official TA export is required before any of this may be imported"
0307,Petro,6307,TX,Texas,Amarillo,Petro Amarillo,280,true,y,22,unsupported,"plausible route-usable parking, but no authoritative source of record — an official TA export is required before any of this may be imported"
0308,Petro,6308,LA,Louisiana,Shreveport,Petro Shreveport,218,true,y,15,unsupported,"plausible route-usable parking, but no authoritative source of record — an official TA export is required before any of this may be imported"
0309,Petro,6309,CA,California,Corning,Petro Corning,120,true,y,14,unsupported,"plausible route-usable parking, but no authoritative source of record — an official TA export is required before any of this may be imported"
0310,Petro,6310,LA,Louisiana,Hammond,Petro Hammond,200,true,y,12,unsupported,"plausible route-usable parking, but no authoritative source of record — an official TA export is required before any of this may be imported"
0311,Petro,6311,AR,Arkansas,West Memphis,Petro W. Memphis,280,true,y,17,unsupported,"plausible route-usable parking, but no authoritative source of record — an official TA export is required before any of this may be imported"
0312,Petro,6312,TN,Tennessee,Knoxville,Petro Knoxville,250,true,y,13,unsupported,"plausible route-usable parking, but no authoritative source of record — an official TA export is required before any of this may be imported"
0313,Petro,6313,NM,New Mexico,Milan,Petro Milan,200,true,y,13,unsupported,"plausible route-usable parking, but no authoritative source of record — an official TA export is required before any of this may be imported"
0314,Petro,6314,NJ,New Jersey,Bordentown,Petro Bordentown,490,true,y,20,unsupported,"plausible route-usable parking, but no authoritative source of record — an official TA export is required before any of this may be imported"
0315,Petro,6315,AZ,Arizona,Kingman,Petro Kingman,280,true,y,17,unsupported,"plausible route-usable parking, but no authoritative source of record — an official TA export is required before any of this may be imported"
0316,Petro,6316,OK,Oklahoma,Oklahoma City,Petro Oklahoma City,280,true,y,14,unsupported,"plausible route-usable parking, but no authoritative source of record — an official TA export is required before any of this may be imported"
0317,Petro,6317,OH,Ohio,Perrysburg,Petro Perrysburg,375,true,y,14,unsupported,"plausible route-usable parking, but no authoritative source of record — an official TA export is required before any of this may be imported"
0318,Petro,6318,MO,Missouri,Kingdom City,Petro Kingdom City,235,true,y,15,unsupported,"plausible route-usable parking, but no authoritative source of record — an official TA export is required before any of this may be imported"
0319,Petro,6319,AL,Alabama,McCalla,Petro Bucksville,255,true,y,14,unsupported,"plausible route-usable parking, but no authoritative source of record — an official TA export is required before any of this may be imported"
0320,Petro,6320,OH,Ohio,Girard,Petro Girard,323,true,y,14,unsupported,"plausible route-usable parking, but no authoritative source of record — an official TA export is required before any of this may be imported"
0321,Petro,6321,IL,Illinois,Effingham,Petro Effingham,212,true,y,19,unsupported,"plausible route-usable parking, but no authoritative source of record — an official TA export is required before any of this may be imported"
0322,Petro,6322,GA,Georgia,Atlanta,Petro Atlanta,411,true,y,14,unsupported,"plausible route-usable parking, but no authoritative source of record — an official TA export is required before any of this may be imported"
0323,Petro,6323,FL,Florida,Reddick,Petro Ocala,270,true,y,14,unsupported,"plausible route-usable parking, but no authoritative source of record — an official TA export is required before any of this may be imported"
0324,Petro,6324,OR,Oregon,Phoenix,Petro Phoenix,87,true,y,6,unsupported,"plausible route-usable parking, but no authoritative source of record — an official TA export is required before any of this may be imported"
0325,Petro,6325,OH,Ohio,North Baltimore,Petro North Baltimore,250,true,y,10,unsupported,"plausible route-usable parking, but no authoritative source of record — an official TA export is required before any of this may be imported"
0326,Petro,6326,AR,Arkansas,North Little Rock,Petro N. Little Rock,250,true,y,14,unsupported,"plausible route-usable parking, but no authoritative source of record — an official TA export is required before any of this may be imported"
0327,Petro,6327,CA,California,Lebec,Petro Wheeler Ridge,415,true,y,19,unsupported,"plausible route-usable parking, but no authoritative source of record — an official TA export is required before any of this may be imported"
0329,Petro,6329,NC,North Carolina,Mebane,Petro Mebane,285,true,y,19,unsupported,"plausible route-usable parking, but no authoritative source of record — an official TA export is required before any of this may be imported"
0330,Petro,6330,KY,Kentucky,Glendale,Petro Glendale,263,true,y,19,unsupported,"plausible route-usable parking, but no authoritative source of record — an official TA export is required before any of this may be imported"
0331,Petro,6331,NV,Nevada,North Las Vegas,Petro North Las Vegas,207,true,y,16,unsupported,"plausible route-usable parking, but no authoritative source of record — an official TA export is required before any of this may be imported"
0333,TA,6333,TX,Texas,Hillsboro,TA Hillsboro,201,true,y,10,unsupported,"plausible route-usable parking, but no authoritative source of record — an official TA export is required before any of this may be imported"
0336,Petro,6336,PA,Pennsylvania,Carlisle,Petro Carlisle,380,true,y,20,unsupported,"plausible route-usable parking, but no authoritative source of record — an official TA export is required before any of this may be imported"
0338,Petro,6338,NV,Nevada,Sparks,Petro Sparks,400,true,y,14,unsupported,"plausible route-usable parking, but no authoritative source of record — an official TA export is required before any of this may be imported"
0339,Petro,6339,WA,Washington,Spokane,Petro Spokane,200,true,y,11,unsupported,"plausible route-usable parking, but no authoritative source of record — an official TA export is required before any of this may be imported"
0344,Petro,6344,GA,Georgia,Kingsland,Petro Kingsland,136,true,y,5,unsupported,"plausible route-usable parking, but no authoritative source of record — an official TA export is required before any of this may be imported"
0346,Petro,6346,CA,California,Santa Nella,Petro Santa Nella,124,true,y,7,unsupported,"plausible route-usable parking, but no authoritative source of record — an official TA export is required before any of this may be imported"
0349,Petro,6349,TN,Tennessee,Kingston Springs,Petro Kingston Springs,68,true,y,6,unsupported,"plausible route-usable parking, but no authoritative source of record — an official TA export is required before any of this may be imported"
0350,TA Express,6350,TX,Texas,Canutillo,TA Express Vinton,65,true,y,6,unsupported,"plausible route-usable parking, but no authoritative source of record — an official TA export is required before any of this may be imported"
0352,Petro,6352,AL,Alabama,Gadsden,Petro Gadsden,162,true,y,9,unsupported,"plausible route-usable parking, but no authoritative source of record — an official TA export is required before any of this may be imported"
0354,Petro,6354,MO,Missouri,Joplin,Petro Joplin,465,true,y,18,unsupported,"plausible route-usable parking, but no authoritative source of record — an official TA export is required before any of this may be imported"
0357,Petro,6357,OH,Ohio,New Paris,Petro New Paris,197,true,y,13,unsupported,"plausible route-usable parking, but no authoritative source of record — an official TA export is required before any of this may be imported"
0359,Petro,6359,IL,Illinois,Rochelle,Petro Rochelle,350,true,,16,unsupported,"plausible route-usable parking, but no authoritative source of record — an official TA export is required before any of this may be imported"
0361,Petro,6361,ND,North Dakota,Fargo,Petro Fargo,209,true,,10,unsupported,"plausible route-usable parking, but no authoritative source of record — an official TA export is required before any of this may be imported"
0362,Petro,6362,NE,Nebraska,York,Petro York,250,true,y,16,unsupported,"plausible route-usable parking, but no authoritative source of record — an official TA export is required before any of this may be imported"
0367,Petro,6367,IL,Illinois,Monee,Petro Monee,90,true,y,8,unsupported,"plausible route-usable parking, but no authoritative source of record — an official TA export is required before any of this may be imported"
0369,Petro,6369,IN,Indiana,Gary,Petro Gary,405,true,y,15,unsupported,"plausible route-usable parking, but no authoritative source of record — an official TA export is required before any of this may be imported"
0371,Petro,6371,NY,New York,Waterloo,Petro Waterloo,221,true,y,18,unsupported,"plausible route-usable parking, but no authoritative source of record — an official TA export is required before any of this may be imported"
0372,Petro,6372,VA,Virginia,Glade Spring,Petro Glade Spring,280,true,y,8,unsupported,"plausible route-usable parking, but no authoritative source of record — an official TA export is required before any of this may be imported"
0376,Petro,6376,IN,Indiana,Brazil,Petro Brazil,102,true,y,8,unsupported,"plausible route-usable parking, but no authoritative source of record — an official TA export is required before any of this may be imported"
0377,Petro,6377,GA,Georgia,Carnesville,Petro Carnesville,221,true,y,18,unsupported,"plausible route-usable parking, but no authoritative source of record — an official TA export is required before any of this may be imported"
0378,Petro,6378,PA,Pennsylvania,DuPont,Petro Scranton,428,true,y,22,unsupported,"plausible route-usable parking, but no authoritative source of record — an official TA export is required before any of this may be imported"
0379,Petro,6379,IN,Indiana,Greensburg,Petro Greensburg,90,true,y,8,unsupported,"plausible route-usable parking, but no authoritative source of record — an official TA export is required before any of this may be imported"
0382,Petro,6382,IN,Indiana,Remington,Petro Remington,150,true,y,8,unsupported,"plausible route-usable parking, but no authoritative source of record — an official TA export is required before any of this may be imported"
0385,Petro,6385,NM,New Mexico,Deming,Petro Deming,150,true,y,9,unsupported,"plausible route-usable parking, but no authoritative source of record — an official TA export is required before any of this may be imported"
0386,Petro,6386,KS,Kansas,Colby,Petro Colby,90,true,y,7,unsupported,"plausible route-usable parking, but no authoritative source of record — an official TA export is required before any of this may be imported"
0388,Petro,6388,OH,Ohio,Napoleon,Petro Napoleon,107,true,y,7,unsupported,"plausible route-usable parking, but no authoritative source of record — an official TA export is required before any of this may be imported"
0389,Petro,6389,MN,Minnesota,Clearwater,Petro Clearwater,200,true,y,7,unsupported,"plausible route-usable parking, but no authoritative source of record — an official TA export is required before any of this may be imported"
0392,Petro,6392,NV,Nevada,Wells,Petro Wells,250,true,y,5,unsupported,"plausible route-usable parking, but no authoritative source of record — an official TA export is required before any of this may be imported"
0393,Petro,6393,SC,South Carolina,Florence,Petro Florence,210,true,y,14,unsupported,"plausible route-usable parking, but no authoritative source of record — an official TA export is required before any of this may be imported"
0395,Petro,5026,NC,North Carolina,Kenly,Petro Kenly,350,true,y,11,unsupported,"plausible route-usable parking, but no authoritative source of record — an official TA export is required before any of this may be imported"
0398,Petro,6398,MN,Minnesota,Albert Lea,Petro Albert Lea,300,true,y,10,unsupported,"plausible route-usable parking, but no authoritative source of record — an official TA export is required before any of this may be imported"
0399,Petro,6399,CO,Colorado,Johnstown,Petro Johnson's Corner,110,true,y,6,unsupported,"plausible route-usable parking, but no authoritative source of record — an official TA export is required before any of this may be imported"
0402,Petro,6402,IL,Illinois,Wilmington,Petro Wilmington,229,true,y,9,unsupported,"plausible route-usable parking, but no authoritative source of record — an official TA export is required before any of this may be imported"
0403,Petro,6403,WI,Wisconsin,Portage,Petro Portage,300,true,y,14,unsupported,"plausible route-usable parking, but no authoritative source of record — an official TA export is required before any of this may be imported"
0418,TA Express,6418,GA,Georgia,Register,TA Express Statesboro,125,true,y,4,unsupported,"plausible route-usable parking, but no authoritative source of record — an official TA export is required before any of this may be imported"
0422,TA,6422,AZ,Arizona,Ash Fork,TA Ash Fork,200,true,,12,unsupported,"plausible route-usable parking, but no authoritative source of record — an official TA export is required before any of this may be imported"
0426,TA,6426,TX,Texas,Sweetwater,TA Sweetwater,110,true,y,6,unsupported,"plausible route-usable parking, but no authoritative source of record — an official TA export is required before any of this may be imported"
0427,Petro,6427,VA,Virginia,Raphine,Petro Raphine,725,true,y,19,unsupported,"plausible route-usable parking, but no authoritative source of record — an official TA export is required before any of this may be imported"
0428,TA,6428,VA,Virginia,Lexington,TA Lexington,250,true,y,8,unsupported,"plausible route-usable parking, but no authoritative source of record — an official TA export is required before any of this may be imported"
0430,TA Express,6430,CA,California,Olancha,TA Express Olancha,70,true,y,3,unsupported,"plausible route-usable parking, but no authoritative source of record — an official TA export is required before any of this may be imported"
0431,TA Express,6431,WI,Wisconsin,Osseo,TA Express Osseo,60,true,y,6,unsupported,"plausible route-usable parking, but no authoritative source of record — an official TA export is required before any of this may be imported"
0433,TA Express,6433,IL,Illinois,Riverton,TA Express Riverton,44,true,y,4,unsupported,"plausible route-usable parking, but no authoritative source of record — an official TA export is required before any of this may be imported"
0435,TA Express,6435,GA,Georgia,Thomson,TA Express Thomson,100,true,y,6,unsupported,"plausible route-usable parking, but no authoritative source of record — an official TA export is required before any of this may be imported"
0437,TA Express,6437,PA,Pennsylvania,Ronks,TA Express Ronks,41,true,y,3,unsupported,"plausible route-usable parking, but no authoritative source of record — an official TA export is required before any of this may be imported"
0442,TA Express,6442,TX,Texas,Huntsville,TA Express Huntsville,50,true,,3,unsupported,"plausible route-usable parking, but no authoritative source of record — an official TA export is required before any of this may be imported"
0443,TA Express,6443,MO,Missouri,Eagleville,TA Express Eagleville,40,true,,3,unsupported,"plausible route-usable parking, but no authoritative source of record — an official TA export is required before any of this may be imported"
0444,TA Express,6444,IN,Indiana,Dale,TA Express Dale,130,true,y,8,unsupported,"plausible route-usable parking, but no authoritative source of record — an official TA export is required before any of this may be imported"
0445,TA Express,6445,TX,Texas,Pleasanton,TA Express Pleasanton,75,true,y,5,unsupported,"plausible route-usable parking, but no authoritative source of record — an official TA export is required before any of this may be imported"
0448,TA Express,6448,AR,Arkansas,Jonesboro,TA Express Jonesboro,90,true,y,7,unsupported,"plausible route-usable parking, but no authoritative source of record — an official TA export is required before any of this may be imported"
0449,TA Express,6449,TX,Texas,Belton,TA Express Belton,64,true,,7,unsupported,"plausible route-usable parking, but no authoritative source of record — an official TA export is required before any of this may be imported"
0450,TA Express,6450,MO,Missouri,Norwood,TA Express Norwood,40,true,y,6,unsupported,"plausible route-usable parking, but no authoritative source of record — an official TA export is required before any of this may be imported"
0451,TA Express,6451,OK,Oklahoma,Tonkawa,TA Express Tonkawa,32,true,y,5,unsupported,"plausible route-usable parking, but no authoritative source of record — an official TA export is required before any of this may be imported"
0456,TA Express,6456,TX,Texas,Decatur,TA Express Decatur,77,true,y,7,unsupported,"plausible route-usable parking, but no authoritative source of record — an official TA export is required before any of this may be imported"
0458,TA Express,6458,NV,Nevada,West Wendover,TA Express Wendover,153,true,,9,unsupported,"plausible route-usable parking, but no authoritative source of record — an official TA export is required before any of this may be imported"
0459,TA Express,6459,AZ,Arizona,Littlefield,TA Express Littlefield,200,true,y,9,unsupported,"plausible route-usable parking, but no authoritative source of record — an official TA export is required before any of this may be imported"
0460,Petro,6460,MO,Missouri,Oak Grove,Petro Oak Grove,305,true,y,12,unsupported,"plausible route-usable parking, but no authoritative source of record — an official TA export is required before any of this may be imported"
0461,TA,6461,MO,Missouri,Cuba,TA Cuba,412,true,y,16,unsupported,"plausible route-usable parking, but no authoritative source of record — an official TA export is required before any of this may be imported"
0465,TA Express,6465,SC,South Carolina,Fair Play,TA Express Fair Play,52,true,y,7,unsupported,"plausible route-usable parking, but no authoritative source of record — an official TA export is required before any of this may be imported"
0468,TA,6468,KY,Kentucky,Smiths Grove,TA Smiths Grove,120,true,y,6,unsupported,"plausible route-usable parking, but no authoritative source of record — an official TA export is required before any of this may be imported"
0469,TA,6469,NM,New Mexico,Springer,TA Springer,100,true,y,12,unsupported,"plausible route-usable parking, but no authoritative source of record — an official TA export is required before any of this may be imported"
0471,TA,6471,NM,New Mexico,Glenrio,TA Glenrio,175,true,y,8,unsupported,"plausible route-usable parking, but no authoritative source of record — an official TA export is required before any of this may be imported"
0476,TA,6476,PA,Pennsylvania,Breezewood,TA Breezewood,200,true,y,13,unsupported,"plausible route-usable parking, but no authoritative source of record — an official TA export is required before any of this may be imported"
0477,TA,6477,SC,South Carolina,Cowpens,TA Cowpens,80,true,y,8,unsupported,"plausible route-usable parking, but no authoritative source of record — an official TA export is required before any of this may be imported"
0478,TA Express,6478,KS,Kansas,Kansas City,TA Express Kansas City,28,true,y,2,unsupported,"plausible route-usable parking, but no authoritative source of record — an official TA export is required before any of this may be imported"
0479,TA Express,6479,LA,Louisiana,Laplace,TA Express Laplace,117,true,y,8,unsupported,"plausible route-usable parking, but no authoritative source of record — an official TA export is required before any of this may be imported"
0480,TA Express,6480,LA,Louisiana,St. Rose,TA Express St. Rose,55,true,y,3,unsupported,"plausible route-usable parking, but no authoritative source of record — an official TA export is required before any of this may be imported"
0482,TA,6482,OR,Oregon,Coburg,TA Coburg,100,true,y,8,unsupported,"plausible route-usable parking, but no authoritative source of record — an official TA export is required before any of this may be imported"
0485,Petro,6485,AL,Alabama,Hanceville,Petro Dodge City,322,true,y,9,unsupported,"plausible route-usable parking, but no authoritative source of record — an official TA export is required before any of this may be imported"
0486,TA Express,6486,VA,Virginia,Stony Creek,TA Express Stony Creek,80,true,y,6,unsupported,"plausible route-usable parking, but no authoritative source of record — an official TA export is required before any of this may be imported"
0488,TA Express,6488,VA,Virginia,Warfield,TA Express Warfield,80,true,y,5,unsupported,"plausible route-usable parking, but no authoritative source of record — an official TA export is required before any of this may be imported"
0491,Petro,6491,WI,Wisconsin,Sturtevant,Petro Racine,158,true,y,0,unsupported,"plausible route-usable parking, but no authoritative source of record — an official TA export is required before any of this may be imported"
0502,TA Express,6502,IA,Iowa,Holland,TA Express Holland,92,true,,2,unsupported,"plausible route-usable parking, but no authoritative source of record — an official TA export is required before any of this may be imported"
0505,Petro,6505,AL,Alabama,Shorter,Petro Shorter,53,true,y,6,unsupported,"plausible route-usable parking, but no authoritative source of record — an official TA export is required before any of this may be imported"
0506,Petro,6506,MS,Mississippi,Jackson,Petro Jackson,194,true,y,15,unsupported,"plausible route-usable parking, but no authoritative source of record — an official TA export is required before any of this may be imported"
0507,TA,6507,SC,South Carolina,Columbia,TA Columbia North,78,true,y,9,unsupported,"plausible route-usable parking, but no authoritative source of record — an official TA export is required before any of this may be imported"
0508,TA,6508,NY,New York,Fultonville,TA Fultonville,121,true,y,8,unsupported,"plausible route-usable parking, but no authoritative source of record — an official TA export is required before any of this may be imported"
0510,TA Express,6510,TX,Texas,Houston,TA Express North Houston,80,true,,5,unsupported,"plausible route-usable parking, but no authoritative source of record — an official TA export is required before any of this may be imported"
0512,TA Express,6512,IN,Indiana,Fort Wayne,TA Express Fort Wayne,215,true,y,6,unsupported,"plausible route-usable parking, but no authoritative source of record — an official TA export is required before any of this may be imported"
0513,TA,6513,OH,Ohio,Jackson,TA Jackson,110,true,y,4,unsupported,"plausible route-usable parking, but no authoritative source of record — an official TA export is required before any of this may be imported"
0515,TA Express,6515,TX,Texas,Junction,TA Express Junction,70,true,,4,unsupported,"plausible route-usable parking, but no authoritative source of record — an official TA export is required before any of this may be imported"
0518,TA Express,6518,TX,Texas,Kingsville,TA Express Kingsville,40,true,y,3,unsupported,"plausible route-usable parking, but no authoritative source of record — an official TA export is required before any of this may be imported"
0519,TA,6519,UT,Utah,Fillmore,TA Fillmore,40,true,,3,unsupported,"plausible route-usable parking, but no authoritative source of record — an official TA export is required before any of this may be imported"
0520,TA Express,6520,WY,Wyoming,Rock Springs,TA Express Rock Springs,65,true,,3,unsupported,"plausible route-usable parking, but no authoritative source of record — an official TA export is required before any of this may be imported"
0524,TA,6524,MO,Missouri,Concordia,TA Concordia,146,true,y,12,unsupported,"plausible route-usable parking, but no authoritative source of record — an official TA export is required before any of this may be imported"
0525,TA,6525,MN,Minnesota,Rogers,TA Rogers,80,true,y,8,unsupported,"plausible route-usable parking, but no authoritative source of record — an official TA export is required before any of this may be imported"
0526,TA,6526,WI,Wisconsin,Hudson,TA Hudson,86,true,y,8,unsupported,"plausible route-usable parking, but no authoritative source of record — an official TA export is required before any of this may be imported"
0527,TA,6527,SC,South Carolina,Florence,TA Florence,77,true,y,5,unsupported,"plausible route-usable parking, but no authoritative source of record — an official TA export is required before any of this may be imported"
0528,TA,6528,MI,Michigan,Bridgeport,TA Bridgeport,70,true,y,4,unsupported,"plausible route-usable parking, but no authoritative source of record — an official TA export is required before any of this may be imported"
0529,TA,6529,NJ,New Jersey,Paulsboro,TA Paulsboro,175,true,y,8,unsupported,"plausible route-usable parking, but no authoritative source of record — an official TA export is required before any of this may be imported"
0530,TA,6530,MI,Michigan,Tekonsha,TA Tekonsha,85,true,y,6,unsupported,"plausible route-usable parking, but no authoritative source of record — an official TA export is required before any of this may be imported"
0531,TA,6531,MT,Montana,Missoula,TA Missoula,130,true,y,7,unsupported,"plausible route-usable parking, but no authoritative source of record — an official TA export is required before any of this may be imported"
0532,TA,6532,AL,Alabama,Lincoln,TA Lincoln,45,true,y,4,unsupported,"plausible route-usable parking, but no authoritative source of record — an official TA export is required before any of this may be imported"
0533,Petro,6533,TX,Texas,Hillsboro,Petro North Hillsboro,91,true,y,7,unsupported,"plausible route-usable parking, but no authoritative source of record — an official TA export is required before any of this may be imported"
0534,Petro,6534,LA,Louisiana,Egan,Petro Egan,127,true,y,6,unsupported,"plausible route-usable parking, but no authoritative source of record — an official TA export is required before any of this may be imported"
0535,Petro,6535,IN,Indiana,Fremont,Petro Angola,200,true,y,6,unsupported,"plausible route-usable parking, but no authoritative source of record — an official TA export is required before any of this may be imported"
0536,Petro,6536,KS,Kansas,Salina,Petro Salina,75,true,y,6,unsupported,"plausible route-usable parking, but no authoritative source of record — an official TA export is required before any of this may be imported"
0537,Petro,6537,IN,Indiana,Gaston,Petro Gaston,150,true,y,6,unsupported,"plausible route-usable parking, but no authoritative source of record — an official TA export is required before any of this may be imported"
0538,Petro,6538,TX,Texas,Pearsall,Petro Pearsall,175,true,y,10,unsupported,"plausible route-usable parking, but no authoritative source of record — an official TA export is required before any of this may be imported"
0539,TA,6539,AL,Alabama,Montgomery,TA Montgomery,125,true,y,10,unsupported,"plausible route-usable parking, but no authoritative source of record — an official TA export is required before any of this may be imported"
0543,TA,6543,IN,Indiana,Lake Station,TA Lake Station,252,true,y,12,unsupported,"plausible route-usable parking, but no authoritative source of record — an official TA export is required before any of this may be imported"
0544,TA,6544,TN,Tennessee,Franklin,TA Franklin,74,true,y,6,unsupported,"plausible route-usable parking, but no authoritative source of record — an official TA export is required before any of this may be imported"
0554,TA,6554,WV,West Virginia,Jane Lew,TA Jane Lew,75,true,,6,unsupported,"plausible route-usable parking, but no authoritative source of record — an official TA export is required before any of this may be imported"
0555,TA Express,6555,NY,New York,Niagara Falls,TA Express Niagara Falls,60,true,,4,unsupported,"plausible route-usable parking, but no authoritative source of record — an official TA export is required before any of this may be imported"
0556,TA Express,6556,FL,Florida,Medley,TA Express Medley,58,true,,3,unsupported,"plausible route-usable parking, but no authoritative source of record — an official TA export is required before any of this may be imported"
0567,TA Express,6567,LA,Louisiana,Grambling,TA Express Grambling,31,true,,2,unsupported,"plausible route-usable parking, but no authoritative source of record — an official TA export is required before any of this may be imported"
0648,TA Express,13648,CO,Colorado,Brush,TA Express Brush,15,true,,0,unsupported,"plausible route-usable parking, but no authoritative source of record — an official TA export is required before any of this may be imported"
0649,TA Express,13649,CO,Colorado,Walsenburg,TA Express Walsenburg,35,true,,3,unsupported,"plausible route-usable parking, but no authoritative source of record — an official TA export is required before any of this may be imported"
0917,TA Express,6917,WA,Washington,Blaine,TA Express Blaine,34,true,y,4,unsupported,"plausible route-usable parking, but no authoritative source of record — an official TA export is required before any of this may be imported"
0919,TA,6919,CA,California,Madera,TA Madera,78,true,y,5,unsupported,"plausible route-usable parking, but no authoritative source of record — an official TA export is required before any of this may be imported"
0924,TA,6924,MO,Missouri,Mt Vernon,TA Mt. Vernon,250,true,y,6,unsupported,"plausible route-usable parking, but no authoritative source of record — an official TA export is required before any of this may be imported"
0925,TA,6925,MS,Mississippi,McComb,TA McComb,115,true,y,7,unsupported,"plausible route-usable parking, but no authoritative source of record — an official TA export is required before any of this may be imported"
0926,TA Express,6926,MS,Mississippi,Mooreville,TA Express Mooreville,40,true,y,5,unsupported,"plausible route-usable parking, but no authoritative source of record — an official TA export is required before any of this may be imported"
0929,TA Express,6929,CO,Colorado,Lamar,TA Express Lamar,40,true,y,3,unsupported,"plausible route-usable parking, but no authoritative source of record — an official TA export is required before any of this may be imported"
0930,TA Express,6930,OK,Oklahoma,South Coffeyville,TA Express South Coffeyville,40,true,,4,unsupported,"plausible route-usable parking, but no authoritative source of record — an official TA export is required before any of this may be imported"
0932,TA,6932,KS,Kansas,Garden City,TA Garden City,150,true,y,10,unsupported,"plausible route-usable parking, but no authoritative source of record — an official TA export is required before any of this may be imported"
0933,TA,6933,CO,Colorado,Pueblo,TA Pueblo,210,true,y,9,unsupported,"plausible route-usable parking, but no authoritative source of record — an official TA export is required before any of this may be imported"
0939,TA Express,6939,LA,Louisiana,Hosston,TA Express Hosston,50,true,y,4,unsupported,"plausible route-usable parking, but no authoritative source of record — an official TA export is required before any of this may be imported"
0940,TA Express,6940,ID,Idaho,Dubois,TA Express Dubois,30,true,,2,unsupported,"plausible route-usable parking, but no authoritative source of record — an official TA export is required before any of this may be imported"
0941,TA Express,6941,IA,Iowa,Holstein,TA Express Holstein,39,true,y,2,unsupported,"plausible route-usable parking, but no authoritative source of record — an official TA export is required before any of this may be imported"
0943,TA Express,6943,KS,Kansas,Fairview,TA Express Fairview,67,true,,3,unsupported,"plausible route-usable parking, but no authoritative source of record — an official TA export is required before any of this may be imported"
0945,TA,6945,TX,Texas,Vernon,"TA Vernon, TX",76,true,y,7,unsupported,"plausible route-usable parking, but no authoritative source of record — an official TA export is required before any of this may be imported"
0946,TA Express,6946,LA,Louisiana,Minden,TA Express Minden,51,true,,3,unsupported,"plausible route-usable parking, but no authoritative source of record — an official TA export is required before any of this may be imported"
0947,TA Express,6947,AL,Alabama,Birmingham,TA Express Birmingham,85,true,y,7,unsupported,"plausible route-usable parking, but no authoritative source of record — an official TA export is required before any of this may be imported"
0948,TA Express,6948,ND,North Dakota,Grand Forks,TA Express Grand Forks,65,true,y,8,unsupported,"plausible route-usable parking, but no authoritative source of record — an official TA export is required before any of this may be imported"
0949,TA Express,6949,ND,North Dakota,Williston,TA Express Williston,40,true,y,5,unsupported,"plausible route-usable parking, but no authoritative source of record — an official TA export is required before any of this may be imported"
0951,TA,6951,WA,Washington,Grandview,TA Grandview,100,true,,6,unsupported,"plausible route-usable parking, but no authoritative source of record — an official TA export is required before any of this may be imported"
0954,TA,6954,AR,Arkansas,Atkins,TA Atkins,150,true,y,6,unsupported,"plausible route-usable parking, but no authoritative source of record — an official TA export is required before any of this may be imported"
0958,TA,6958,IA,Iowa,Williams,TA Williams,125,true,y,6,unsupported,"plausible route-usable parking, but no authoritative source of record — an official TA export is required before any of this may be imported"
0962,TA Express,6962,PA,Pennsylvania,Hazleton,TA Express Hazleton,50,true,y,3,unsupported,"plausible route-usable parking, but no authoritative source of record — an official TA export is required before any of this may be imported"
0963,TA Express,6963,PA,Pennsylvania,Pine Grove,TA Express Pine Grove,80,true,y,3,unsupported,"plausible route-usable parking, but no authoritative source of record — an official TA export is required before any of this may be imported"
0966,TA Express,6966,OK,Oklahoma,Savanna,TA Express Savanna,60,true,,3,unsupported,"plausible route-usable parking, but no authoritative source of record — an official TA export is required before any of this may be imported"
0967,TA Express,6967,MO,Missouri,Palmyra,TA Express Palmyra,40,true,y,6,unsupported,"plausible route-usable parking, but no authoritative source of record — an official TA export is required before any of this may be imported"
0968,Petro,6968,NV,Nevada,Henderson,Petro Henderson,100,true,,5,unsupported,"plausible route-usable parking, but no authoritative source of record — an official TA export is required before any of this may be imported"
0969,TA Express,6969,NV,Nevada,Henderson,TA Express Henderson,200,true,y,5,unsupported,"plausible route-usable parking, but no authoritative source of record — an official TA export is required before any of this may be imported"
0974,TA,6974,WV,West Virginia,Mineral Wells,TA Mineral Wells,104,true,y,5,unsupported,"plausible route-usable parking, but no authoritative source of record — an official TA export is required before any of this may be imported"
0975,TA Express,6975,NV,Nevada,Carlin,TA Express Carlin,50,true,,4,unsupported,"plausible route-usable parking, but no authoritative source of record — an official TA export is required before any of this may be imported"
0976,TA Express,6976,KS,Kansas,South Hutchinson,TA Express Hutchinson,80,true,y,4,unsupported,"plausible route-usable parking, but no authoritative source of record — an official TA export is required before any of this may be imported"
0977,TA Express,6977,MN,Minnesota,Mankato,TA Express Mankato,75,true,y,4,unsupported,"plausible route-usable parking, but no authoritative source of record — an official TA export is required before any of this may be imported"
0978,TA Express,6978,TX,Texas,Houston,TA Express Houston,70,true,,6,unsupported,"plausible route-usable parking, but no authoritative source of record — an official TA export is required before any of this may be imported"
0979,TA Express,6979,CO,Colorado,Grand Junction,TA Express Grand Junction,65,true,,8,unsupported,"plausible route-usable parking, but no authoritative source of record — an official TA export is required before any of this may be imported"
0982,TA Express,6982,WI,Wisconsin,New Lisbon,TA Express New Lisbon,50,true,,4,unsupported,"plausible route-usable parking, but no authoritative source of record — an official TA export is required before any of this may be imported"
0983,TA,6983,TX,Texas,Shepherd,TA Shepherd,120,true,,5,unsupported,"plausible route-usable parking, but no authoritative source of record — an official TA export is required before any of this may be imported"
0986,TA Express,6986,AR,Arkansas,Judsonia,TA Express Judsonia,92,true,y,6,unsupported,"plausible route-usable parking, but no authoritative source of record — an official TA export is required before any of this may be imported"
0987,TA,6987,KS,Kansas,Wellsville,TA Wellsville,76,true,,4,unsupported,"plausible route-usable parking, but no authoritative source of record — an official TA export is required before any of this may be imported"
0989,TA,6989,AL,Alabama,Robertsdale,TA Robertsdale,178,true,y,7,unsupported,"plausible route-usable parking, but no authoritative source of record — an official TA export is required before any of this may be imported"
0347,TA,6347,KY,Kentucky,Franklin,TA Truck Service Franklin,0,true,,0,service-only,no stated truck parking; a network site with no confirmed parking is never route-usable parking
0481,Goasis,6481,PA,Pennsylvania,Breezewood,Goasis Breezewood,0,true,,0,service-only,no stated truck parking; a network site with no confirmed parking is never route-usable parking
0483,Goasis,6483,OR,Oregon,Coburg,Goasis Coburg Crossing,0,true,,0,service-only,no stated truck parking; a network site with no confirmed parking is never route-usable parking
0487,Goasis,,VA,Virginia,Stony Creek,Goasis Stony Creek,0,true,,0,service-only,no stated truck parking; a network site with no confirmed parking is never route-usable parking
0489,Thorntons,6489,IL,Illinois,Romeoville,Thorntons Romeoville,0,true,,0,service-only,no stated truck parking; a network site with no confirmed parking is never route-usable parking
0490,Thorntons,6490,IL,Illinois,Cicero,Thorntons Cicero,0,true,,0,service-only,no stated truck parking; a network site with no confirmed parking is never route-usable parking
0701,Goasis,6701,OH,Ohio,Ashland,Goasis Ashland,0,true,,0,service-only,no stated truck parking; a network site with no confirmed parking is never route-usable parking
