source_ref,official_name,brand_family,name,address,city,state,zip,lat,lng,interstate,exit_number,interstate_raw,parking_spaces,fuel_lanes,showers,overnight_parking,parking_restrictions,cat_scale,amenities,directory_representation,parking_representation
89,ONE9 Travel Center,ONE9,ONE9 Travel Center #89,1526 51st Ave E,Ellenton,FL,34222,27.528565346887518,-82.51230464049281,I-75,224,"I-75, Exit 224",0,4,2,,,false,Diesel Lanes | Showers | Diesel Mobile Fueling | Premium Wifi | ATM | Check Cashing | Cylinder Propane | DEF Lanes | Lottery | Pegasus | Mobile Ordering,network truck stop,"NONE — never returned as parking, never a last-legal-stop recommendation"
1173,Pilot Express,Pilot,Pilot Express #1173,1440 Puyallup Ave,Tacoma,WA,98421,47.24173242949355,-122.41214941719666,I-5,134,"I-5, Exit 134",0,7,0,,,true,Diesel Lanes | CAT Scale | Cylinder Propane | Bridgestone Tire Monitoring | Mobile Ordering,network truck stop,"NONE — never returned as parking, never a last-legal-stop recommendation"
265,ONE9 Travel Center,ONE9,ONE9 Travel Center #265,1111 S Jefferson Ave,Cookeville,TN,38506,36.133737186379726,-85.50421763558195,I-40,287,"I-40, Exit 287",0,3,0,,,true,Diesel Lanes | Showers | Diesel Mobile Fueling | Premium Wifi | ATM | CAT Scale | Check Cashing | Cylinder Propane | DEF Lanes | Lottery | Pegasus | Mobile Ordering,network truck stop,"NONE — never returned as parking, never a last-legal-stop recommendation"
7937,ONE9 Travel Center,ONE9,ONE9 Travel Center #7937,907 Knox Rd,McLeansville,NC,27301,36.06085647658663,-79.66228490370484,I-40,132,"I-40/85, Exit 132",0,4,0,,,false,Diesel Lanes | Showers | Diesel Mobile Fueling | Premium Wifi | Cylinder Propane | DEF Lanes | Pegasus | Truck Parking Spaces | Electric Vehicle Charging Station | Mobile Ordering,network truck stop,"NONE — never returned as parking, never a last-legal-stop recommendation"
72,Mr. Fuel Travel Center,Mr. Fuel Travel Center,Mr. Fuel Travel Center #72,1504 Dean Forest Rd,Savannah,GA,31408,32.072302,-81.199597,I-16,160,"I-16, Exit 160",0,5,1,,,true,Diesel Lanes | Showers | Diesel Mobile Fueling | Premium Wifi | ATM | CAT Scale | Check Cashing | DEF Lanes | Lottery | Pegasus | Mobile Ordering,network truck stop,"NONE — never returned as parking, never a last-legal-stop recommendation"
321,Pilot Travel Center,Pilot,Pilot Travel Center #321,11229 Frontage Rd,Walton,KY,41094,38.91737631038006,-84.63245170304107,I-75,175,"I-75/71/KY-338, Exit 175",0,6,3,,,true,Diesel Lanes | Showers | Diesel Mobile Fueling | Premium Wifi | ATM | CAT Scale | Check Cashing | Cylinder Propane | DEF Lanes | Lottery | Pegasus | Truck Parking Spaces | Mobile Ordering,network truck stop,"NONE — never returned as parking, never a last-legal-stop recommendation"
1215,One9 Travel Center,ONE9,One9 Travel Center #1215,48710 Vicksburg Rd,Salome,AZ,85348,33.627656363554415,-113.76779908173792,I-10,45,"I-10, Exit 45",0,9,6,,,false,Diesel Lanes | Showers | Diesel Mobile Fueling | DEF Lanes | Mobile Ordering,network truck stop,"NONE — never returned as parking, never a last-legal-stop recommendation"
8603,Pilot Dealer,Pilot,Pilot Dealer #8603,620 W Mill Road,Artesia,NM,88210,32.87196623187066,-104.40138348975755,,,US-285 and Co Rd 114,0,4,0,,,false,Diesel Lanes | Diesel Mobile Fueling,network truck stop,"NONE — never returned as parking, never a last-legal-stop recommendation"
1302,EZ Trip Travel Center,EZ Trip Travel Center,EZ Trip Travel Center #1302,29541 Stockdale Hwy,Bakersfield,CA,93314,35.35423704900311,-119.33124504047548,I-5,253,"I-5, Exit 253",0,7,0,,,false,Diesel Lanes | Diesel Mobile Fueling | Wifi | ATM | DEF Lanes | Pegasus | Mobile Ordering,network truck stop,"NONE — never returned as parking, never a last-legal-stop recommendation"
1293,ONE9 Dealer,ONE9,ONE9 Dealer #1293,801 E I-30,Garland,TX,75043,32.8548532,-96.56098,I-30,61A,"I-30, Exit 61A",0,4,0,,,false,Diesel Lanes | ATM | Check Cashing | DEF Lanes | Lottery | Pegasus | Truck Parking Spaces,network truck stop,"NONE — never returned as parking, never a last-legal-stop recommendation"
1286,ONE9 Dealer,ONE9,ONE9 Dealer #1286,1530 W Main St,Salem,IL,62881,38.62551487669823,-88.96800696561967,I-57,116,"I-57, Exit 116",0,4,0,,,false,Diesel Mobile Fueling | ATM | Bulk Propane | Check Cashing | Lottery,network truck stop,"NONE — never returned as parking, never a last-legal-stop recommendation"
1192,Pilot Licensed Location,Pilot,Pilot Licensed Location #1192,31120 US-60,Wittmann,AZ,85361,33.76534,-112.51389,,,US-60 & 211th Ave,0,3,0,,,false,,network truck stop,"NONE — never returned as parking, never a last-legal-stop recommendation"
1395,ONE9 Dealer,ONE9,ONE9 Dealer #1395,22535 S Las Vegas Blvd,Jean,NV,89019,35.77979502890963,-115.32468313892348,I-15,12,"I-15, Exit 12",0,7,0,,,false,Diesel Lanes | Diesel Mobile Fueling | ATM | Check Cashing | Cylinder Propane | Game Room | Pegasus,network truck stop,"NONE — never returned as parking, never a last-legal-stop recommendation"
1402,ONE9 Dealer,ONE9,ONE9 Dealer #1402,2091 FL-71,Marianna,FL,32448,30.71693456070478,-85.18617136326903,I-10,142,"I-10, Exit 142",0,4,0,,,false,Diesel Lanes | Diesel Mobile Fueling | ATM | Check Cashing | DEF Lanes | Lottery | Pegasus | Truck Parking Spaces,network truck stop,"NONE — never returned as parking, never a last-legal-stop recommendation"
1432,ONE9 Dealer,ONE9,ONE9 Dealer #1432,2129 Barr Pl,Brighton,CO,80603,39.95612928283018,-104.76904761201322,I-76,21,"I-76, Exit 21",0,8,0,,,false,,network truck stop,"NONE — never returned as parking, never a last-legal-stop recommendation"
1283,Pilot Dealer,Pilot,Pilot Dealer #1283,4750 I-45 S,Corsicana,TX,75110,32.040705320157464,-96.44792369173126,I-45,,I-45 & TX-31,0,8,0,,,true,Diesel Lanes | Showers | Prime Parking Spaces | Diesel Mobile Fueling | ATM | CAT Scale | Check Cashing | Cylinder Propane | DEF Lanes | Game Room | Lottery | Pegasus | Public Laundry | Truck Parking Spaces,network truck stop,"NONE — never returned as parking, never a last-legal-stop recommendation"
1494,Pilot Dealer,Pilot,Pilot Dealer #1494,1221 N Rohlwing Rd,Itasca,IL,60143,41.990060698755414,-88.03051723834324,I-290,5,"I-290, Exit 5",0,3,0,,,false,,network truck stop,"NONE — never returned as parking, never a last-legal-stop recommendation"
