id,name,state,city,provenance,publication_verdict,facility_verdict,coordinate_verdict,overnight_verdict,reason_codes,duplicate_candidate_ids,completeness_score,pending_reports,candidate_source_to_verify,owner_action
4f21b0d2-18b1-46a0-9a7e-a11b3922f9a7,Ardmore Welcome Center (I-65 Southbound),AL,Elkmont,legacy-import,needs-source-provenance,unknown,missing,unknown,PARKING_SOURCE_MISSING TRUCK_ACCESS_UNPROVEN COORDINATES_MISSING AMENITIES_UNSOURCED,,50,0,https://www.dot.state.al.us/welcomeCenters.html,retrieve and record source: https://www.dot.state.al.us/welcomeCenters.html
87f37135-0d5e-4f02-9889-537c3adc6bd3,Cullman County Rest Area (I-65 MM 301),AL,Cullman,legacy-import,needs-source-provenance,unknown,missing,unknown,PARKING_SOURCE_MISSING TRUCK_ACCESS_UNPROVEN COORDINATES_MISSING AMENITIES_UNSOURCED FREE_PAID_UNSOURCED,,50,0,https://www.dot.state.al.us/welcomeCenters.html,retrieve and record source: https://www.dot.state.al.us/welcomeCenters.html
6f4f6754-96fb-4fe2-be0a-9e1c2f7358d8,I-65 Butler County Rest Area (Northbound),AL,Greenville,legacy-import,needs-source-provenance,unknown,missing,unknown,PARKING_SOURCE_MISSING TRUCK_ACCESS_UNPROVEN COORDINATES_MISSING AMENITIES_UNSOURCED FREE_PAID_UNSOURCED,,50,0,https://www.dot.state.al.us/welcomeCenters.html,retrieve and record source: https://www.dot.state.al.us/welcomeCenters.html
9b5a7530-2901-474a-ad32-b53c84cbd478,I-65 Butler County Rest Area (Southbound),AL,Greenville,legacy-import,needs-source-provenance,unknown,missing,unknown,PARKING_SOURCE_MISSING TRUCK_ACCESS_UNPROVEN COORDINATES_MISSING AMENITIES_UNSOURCED FREE_PAID_UNSOURCED,,43,0,https://www.dot.state.al.us/welcomeCenters.html,retrieve and record source: https://www.dot.state.al.us/welcomeCenters.html
34d6ae7a-216e-46fa-986d-81d0a47ea7e4,I-65 Conecuh County Rest Area (Northbound),AL,Evergreen,legacy-import,needs-source-provenance,unknown,missing,unknown,PARKING_SOURCE_MISSING TRUCK_ACCESS_UNPROVEN COORDINATES_MISSING AMENITIES_UNSOURCED FREE_PAID_UNSOURCED,,50,0,https://www.dot.state.al.us/welcomeCenters.html,retrieve and record source: https://www.dot.state.al.us/welcomeCenters.html
f3c46c18-6a34-496a-8f0b-b36901142096,I-65 Conecuh County Rest Area (Southbound),AL,Evergreen,legacy-import,needs-source-provenance,unknown,missing,unknown,PARKING_SOURCE_MISSING TRUCK_ACCESS_UNPROVEN COORDINATES_MISSING AMENITIES_UNSOURCED FREE_PAID_UNSOURCED,,50,0,https://www.dot.state.al.us/welcomeCenters.html,retrieve and record source: https://www.dot.state.al.us/welcomeCenters.html
99c486f6-7e9b-4c26-b6da-b7219cc694c6,"Arkansas Welcome Center at Van Buren/Fort Smith (I-40 EB, MM 2)",AR,Van Buren,legacy-import,needs-source-provenance,unknown,missing,unknown,PARKING_SOURCE_MISSING TRUCK_ACCESS_UNPROVEN COORDINATES_MISSING,,24,0,,find an official source
d284bab0-f773-43c5-9c3e-20b4580c5c0a,Forrest City Rest Area - I-40 Eastbound (MM 235),AR,Forrest City,legacy-import,needs-source-provenance,unknown,missing,unknown,PARKING_SOURCE_MISSING TRUCK_ACCESS_UNPROVEN COORDINATES_MISSING AMENITIES_UNSOURCED FREE_PAID_UNSOURCED,,43,0,https://www.ardot.gov/wp-content/uploads/Welcome-Centers-and-Rest-Areas-and-Accessibility-Barriers.pdf,retrieve and record source: https://www.ardot.gov/wp-content/uploads/Welcome-Centers-and-Rest-Areas-and-Accessibility-Barriers.pdf
7e1b02c3-b62d-490a-9974-eafe3428f02a,Forrest City Rest Area - I-40 Westbound (MM 242.6),AR,Forrest City,legacy-import,needs-source-provenance,unknown,missing,unknown,PARKING_SOURCE_MISSING TRUCK_ACCESS_UNPROVEN COORDINATES_MISSING AMENITIES_UNSOURCED FREE_PAID_UNSOURCED,,43,0,https://www.ardot.gov/wp-content/uploads/Welcome-Centers-and-Rest-Areas-and-Accessibility-Barriers.pdf,retrieve and record source: https://www.ardot.gov/wp-content/uploads/Welcome-Centers-and-Rest-Areas-and-Accessibility-Barriers.pdf
84fa50b8-a334-4d48-a35e-094013ae1772,I-40 Truck Turnout - Mile 134 Eastbound (Mayflower/Conway),AR,Mayflower,legacy-import,needs-source-provenance,unknown,missing,unknown,PARKING_SOURCE_MISSING TRUCK_ACCESS_UNPROVEN COORDINATES_MISSING FREE_PAID_UNSOURCED,,32,0,,find an official source
13fbe19d-84fb-4f7b-b4e4-f40b556c3235,Little Rock Truck Parking - Conway Lot,AR,Conway,legacy-import,needs-source-provenance,unknown,missing,unknown,PARKING_SOURCE_MISSING TRUCK_ACCESS_UNPROVEN COORDINATES_MISSING OVERNIGHT_LEGACY_BOOLEAN_ONLY SPACE_COUNT_UNSOURCED AMENITIES_UNSOURCED FREE_PAID_UNSOURCED RESERVABILITY_UNSOURCED,,60,0,https://www.truckparkinglittlerock.com/service-areas/conway,retrieve and record source: https://www.truckparkinglittlerock.com/service-areas/conway
110ba438-bcf5-4d06-892f-4c107be0581f,Truck Parking Club - Pence Ln lot behind Workman's Travel Center,AR,Ozark,legacy-import,needs-source-provenance,unknown,missing,unknown,PARKING_SOURCE_MISSING TRUCK_ACCESS_UNPROVEN COORDINATES_MISSING,,24,0,,find an official source
3f69b705-f6fc-4802-bea2-68c7bd838ed7,"White River Rest Area (I-40 MM 199, EB and WB)",AR,De Valls Bluff,legacy-import,needs-source-provenance,unknown,missing,unknown,PARKING_SOURCE_MISSING TRUCK_ACCESS_UNPROVEN COORDINATES_MISSING AMENITIES_UNSOURCED FREE_PAID_UNSOURCED,,36,0,,find an official source
bd40b5b6-3f37-4658-a48e-ec9f9fdc47e1,Gold Run Safety Roadside Rest Area (I-80 Eastbound),CA,Gold Run,official-government,needs-source-provenance,unknown,unverifiable,unknown,PARKING_SOURCE_MISSING TRUCK_ACCESS_UNPROVEN COORDINATE_PROVENANCE_MISSING,,34,0,,find an official source
a6570355-da34-4fd7-aa1d-083666c9bb12,Darien Service Plaza (I-95 Southbound),CT,Darien,official-government,needs-source-provenance,unknown,unverifiable,unknown,PARKING_SOURCE_MISSING TRUCK_ACCESS_UNPROVEN COORDINATE_PROVENANCE_MISSING,,34,0,,find an official source
cdeada8d-83d9-44dd-97ad-bbcbb6867252,Biden Welcome Center Truck Parking,DE,Newark,legacy-import,needs-source-provenance,unknown,missing,unknown,PARKING_SOURCE_MISSING TRUCK_ACCESS_UNPROVEN COORDINATES_MISSING AMENITIES_UNSOURCED,,65,0,https://deldot.gov/Programs/restareas/index.shtml,retrieve and record source: https://deldot.gov/Programs/restareas/index.shtml
f1ae4251-03b1-44ac-a542-50c72ad3bf52,Smyrna Rest Area (US 13),DE,Smyrna,official-government,needs-source-provenance,unknown,unverifiable,unknown,PARKING_SOURCE_MISSING TRUCK_ACCESS_UNPROVEN COORDINATE_PROVENANCE_MISSING,,34,0,,find an official source
688309bc-4aac-48a4-97ce-0b3db43d8d33,"Brevard County Rest Area (I-95 MM 168, Palm Bay)",FL,Palm Bay,legacy-import,needs-source-provenance,unknown,missing,unknown,PARKING_SOURCE_MISSING TRUCK_ACCESS_UNPROVEN COORDINATES_MISSING AMENITIES_UNSOURCED,,46,0,https://www.fdot.gov/maintenance/restareas.shtm,retrieve and record source: https://www.fdot.gov/maintenance/restareas.shtm
2336b0fe-5981-4520-b61b-5bfa9d81fced,"Brevard County Rest Area (I-95 MM 225, Titusville)",FL,Titusville,legacy-import,needs-source-provenance,unknown,missing,unknown,PARKING_SOURCE_MISSING TRUCK_ACCESS_UNPROVEN COORDINATES_MISSING AMENITIES_UNSOURCED,,46,0,https://www.fdot.gov/maintenance/restareas.shtm,retrieve and record source: https://www.fdot.gov/maintenance/restareas.shtm
93d11293-5961-44a5-ba5d-ae01bf86716b,Florida Secure Self-Storage — Pembroke Pines,FL,Pembroke Pines,legacy-import,needs-source-provenance,unknown,missing,unknown,PARKING_SOURCE_MISSING TRUCK_ACCESS_UNPROVEN COORDINATES_MISSING AMENITIES_UNSOURCED FREE_PAID_UNSOURCED RESERVABILITY_UNSOURCED,,51,0,https://www.floridasecurestorage.com/,retrieve and record source: https://www.floridasecurestorage.com/
c33d248f-de4a-48ce-8b98-555d7b1f92ad,Florida Welcome Center (I-95),FL,Yulee,legacy-import,needs-source-provenance,unknown,missing,unknown,PARKING_SOURCE_MISSING TRUCK_ACCESS_UNPROVEN COORDINATES_MISSING AMENITIES_UNSOURCED,,46,0,https://www.fdot.gov/maintenance/restareas.shtm,retrieve and record source: https://www.fdot.gov/maintenance/restareas.shtm
e58cf487-aa6f-4583-b627-f3cf1528ad49,Martin County Rest Area (I-95 MM 106),FL,Stuart,legacy-import,needs-source-provenance,unknown,missing,unknown,PARKING_SOURCE_MISSING TRUCK_ACCESS_UNPROVEN COORDINATES_MISSING AMENITIES_UNSOURCED,,43,0,https://www.fdot.gov/maintenance/rest-area-app/restareainfo.shtm,retrieve and record source: https://www.fdot.gov/maintenance/rest-area-app/restareainfo.shtm
b90d812b-1e76-445c-bb73-779032a1a4c3,St. Johns County Rest Area (I-95 MM 302),FL,Saint Augustine,legacy-import,needs-source-provenance,unknown,missing,unknown,PARKING_SOURCE_MISSING TRUCK_ACCESS_UNPROVEN COORDINATES_MISSING AMENITIES_UNSOURCED,,46,0,https://www.fdot.gov/maintenance/restareas.shtm,retrieve and record source: https://www.fdot.gov/maintenance/restareas.shtm
1e7a6551-2a7e-4d32-a04f-400c8ed8db63,St. Johns County Rest Area (I-95 MM 331),FL,Jacksonville,legacy-import,needs-source-provenance,unknown,missing,unknown,PARKING_SOURCE_MISSING TRUCK_ACCESS_UNPROVEN COORDINATES_MISSING AMENITIES_UNSOURCED,,46,0,https://www.fdot.gov/maintenance/restareas.shtm,retrieve and record source: https://www.fdot.gov/maintenance/restareas.shtm
80e720ca-5925-46a8-a9a1-005528f34f4c,St. Lucie County Rest Area (I-95 MM 133),FL,Fort Pierce,legacy-import,needs-source-provenance,unknown,missing,unknown,PARKING_SOURCE_MISSING TRUCK_ACCESS_UNPROVEN COORDINATES_MISSING AMENITIES_UNSOURCED,,50,0,https://www.fdot.gov/maintenance/rest-area-app/restareainfo.shtm,retrieve and record source: https://www.fdot.gov/maintenance/rest-area-app/restareainfo.shtm
49bf9a34-856c-4427-b94b-c8af02009a4c,Carson Safety Rest Area - I-95 NB,GA,Port Wentworth,legacy-import,needs-source-provenance,unknown,missing,unknown,PARKING_SOURCE_MISSING TRUCK_ACCESS_UNPROVEN COORDINATES_MISSING AMENITIES_UNSOURCED,,47,0,https://www.dot.ga.gov/GDOT/Pages/restareaswelcomecenters.aspx,retrieve and record source: https://www.dot.ga.gov/GDOT/Pages/restareaswelcomecenters.aspx
270b3a0e-3826-4c85-8c3d-d1dd311b1c71,GA I-95 Glynn County Rest Area (Southbound),GA,Brunswick,legacy-import,needs-source-provenance,unknown,missing,unknown,PARKING_SOURCE_MISSING TRUCK_ACCESS_UNPROVEN COORDINATES_MISSING AMENITIES_UNSOURCED,,43,0,https://www.dot.ga.gov/GDOT/Pages/restareaswelcomecenters.aspx,retrieve and record source: https://www.dot.ga.gov/GDOT/Pages/restareaswelcomecenters.aspx
2533368e-1ea7-4a8f-b73e-a6c79eec61c5,Georgia Welcome Center (I-95 Northbound),GA,Kingsland,legacy-import,needs-source-provenance,unknown,missing,unknown,PARKING_SOURCE_MISSING TRUCK_ACCESS_UNPROVEN COORDINATES_MISSING AMENITIES_UNSOURCED,,43,0,https://www.dot.ga.gov/GDOT/Pages/restareaswelcomecenters.aspx,retrieve and record source: https://www.dot.ga.gov/GDOT/Pages/restareaswelcomecenters.aspx
45a1cbfc-d6ab-4797-9708-e993055412e4,Georgia Welcome Center (Savannah) - I-95 SB,GA,Port Wentworth,legacy-import,needs-source-provenance,unknown,missing,unknown,PARKING_SOURCE_MISSING TRUCK_ACCESS_UNPROVEN COORDINATES_MISSING AMENITIES_UNSOURCED,,54,0,https://exploregeorgia.org/georgia-welcome-centers,retrieve and record source: https://exploregeorgia.org/georgia-welcome-centers
431feb1a-211c-4ca1-9c3c-d6b9e32cba5f,Fort Massac Welcome Center / Rest Area (I-24 MM 37),IL,Metropolis,legacy-import,needs-source-provenance,unknown,missing,unknown,PARKING_SOURCE_MISSING TRUCK_ACCESS_UNPROVEN COORDINATES_MISSING,,24,0,,find an official source
5cb0eddc-0234-4964-8e45-0cb9980b9c8b,Truck Parking Club lot - 2409 IL-145 Metropolis,IL,Metropolis,legacy-import,needs-source-provenance,unknown,missing,unknown,PARKING_SOURCE_MISSING TRUCK_ACCESS_UNPROVEN COORDINATES_MISSING,,24,0,,find an official source
bdc8b533-9542-4312-b7da-1a39a2f6d297,Truck parking only lot - 5570 S US Route 45 (former truck stop),IL,Metropolis,legacy-import,needs-source-provenance,unknown,missing,unknown,PARKING_SOURCE_MISSING TRUCK_ACCESS_UNPROVEN COORDINATES_MISSING,,24,0,,find an official source
580ad9fe-73e7-4c6a-bac4-72d30e46f2f7,Henryville Rest Area (Northbound),IN,Henryville,legacy-import,needs-source-provenance,unknown,missing,unknown,PARKING_SOURCE_MISSING TRUCK_ACCESS_UNPROVEN COORDINATES_MISSING SPACE_COUNT_UNSOURCED AMENITIES_UNSOURCED FREE_PAID_UNSOURCED,,51,0,https://www.in.gov/indot/resources/maps/welcome-centers-and-rest-areas/henryville-rest-area-northbound/,retrieve and record source: https://www.in.gov/indot/resources/maps/welcome-centers-and-rest-areas/henryville-rest-area-northbound/
e9f9100d-6132-4979-a13e-bc3f90a6df1f,Taylorsville Rest Area (I-65),IN,Taylorsville,legacy-import,needs-source-provenance,unknown,missing,unknown,PARKING_SOURCE_MISSING TRUCK_ACCESS_UNPROVEN COORDINATES_MISSING AMENITIES_UNSOURCED FREE_PAID_UNSOURCED,,36,0,,find an official source
31a18b65-6475-4880-9203-f8d44505a815,Truck & Trailer Parking - Avco Blvd (Sellersburg),IN,Sellersburg,legacy-import,needs-source-provenance,unknown,missing,unknown,PARKING_SOURCE_MISSING TRUCK_ACCESS_UNPROVEN COORDINATES_MISSING OVERNIGHT_LEGACY_BOOLEAN_ONLY AMENITIES_UNSOURCED FREE_PAID_UNSOURCED RESERVABILITY_UNSOURCED,,63,0,https://truckparkingclub.com/truck-parking/indiana/sellersburg/1523-avco-blvd-47172,retrieve and record source: https://truckparkingclub.com/truck-parking/indiana/sellersburg/1523-avco-blvd-47172
eb77e44b-05c1-4702-9dd2-d5be551ca482,"I-75 Rest Area (Mile 82.5, both directions)",KY,Richmond,legacy-import,needs-source-provenance,unknown,missing,unknown,PARKING_SOURCE_MISSING TRUCK_ACCESS_UNPROVEN COORDINATES_MISSING AMENITIES_UNSOURCED FREE_PAID_UNSOURCED,,44,0,,find an official source
b5d0079f-4f1b-4399-a662-e881a2059892,"Kentucky Welcome Center / Rest Area (I-71/75, Boone County)",KY,Florence,legacy-import,needs-source-provenance,unknown,missing,unknown,PARKING_SOURCE_MISSING TRUCK_ACCESS_UNPROVEN COORDINATES_MISSING AMENITIES_UNSOURCED FREE_PAID_UNSOURCED,,36,0,,find an official source
789edf6c-1440-44ca-8034-2d2a483a651d,Scott County Rest Area Northbound (MM 127),KY,Georgetown,legacy-import,needs-source-provenance,unknown,missing,unknown,PARKING_SOURCE_MISSING TRUCK_ACCESS_UNPROVEN COORDINATES_MISSING AMENITIES_UNSOURCED FREE_PAID_UNSOURCED,,62,0,https://www.kentuckyrestareas.com/ky-i75-kentucky-interstate-75-scott-county-rest-area-northbound-mile-marker-127/,retrieve and record source: https://www.kentuckyrestareas.com/ky-i75-kentucky-interstate-75-scott-county-rest-area-northbound-mile-marker-127/
d7e9da52-4a01-4b3d-9c14-86f59343ca7c,Scott County Rest Area Southbound (MM 127),KY,Georgetown,legacy-import,needs-source-provenance,unknown,missing,unknown,PARKING_SOURCE_MISSING TRUCK_ACCESS_UNPROVEN COORDINATES_MISSING SPACE_COUNT_UNSOURCED AMENITIES_UNSOURCED FREE_PAID_UNSOURCED,,66,0,https://www.kentuckyrestareas.com/ky-i75-kentucky-interstate-75-scott-county-rest-area-southbound-mile-marker-127/,retrieve and record source: https://www.kentuckyrestareas.com/ky-i75-kentucky-interstate-75-scott-county-rest-area-southbound-mile-marker-127/
b3c32523-9238-4888-a80f-48c89bb738ea,Shed Lot Truck Parking,KY,Corbin,legacy-import,needs-source-provenance,unknown,missing,unknown,PARKING_SOURCE_MISSING TRUCK_ACCESS_UNPROVEN COORDINATES_MISSING OVERNIGHT_LEGACY_BOOLEAN_ONLY AMENITIES_UNSOURCED FREE_PAID_UNSOURCED,,43,0,https://shedlottruckparking.com/,retrieve and record source: https://shedlottruckparking.com/
17e513b1-c6cb-4d55-a60c-54cf04234398,Truck Parking Club - 250 W Cumberland Gap Pkwy (Corbin),KY,Corbin,legacy-import,needs-source-provenance,unknown,missing,unknown,PARKING_SOURCE_MISSING TRUCK_ACCESS_UNPROVEN COORDINATES_MISSING OVERNIGHT_LEGACY_BOOLEAN_ONLY FREE_PAID_UNSOURCED RESERVABILITY_UNSOURCED,,59,0,https://truckparkingclub.com/truck-parking/kentucky/corbin/250-w-cumberland-gap-pkwy-40701,retrieve and record source: https://truckparkingclub.com/truck-parking/kentucky/corbin/250-w-cumberland-gap-pkwy-40701
304c91be-ba96-4f09-83ec-8258f6ed4716,Truck Parking Club - Online Transport (Georgetown),KY,Georgetown,legacy-import,needs-source-provenance,unknown,missing,unknown,PARKING_SOURCE_MISSING TRUCK_ACCESS_UNPROVEN COORDINATES_MISSING FREE_PAID_UNSOURCED RESERVABILITY_UNSOURCED,,46,0,,find an official source
6bc0c663-fe39-4d71-b270-4b4d3d04b651,Chesapeake House Travel Plaza Truck Parking,MD,North East,legacy-import,needs-source-provenance,unknown,missing,unknown,PARKING_SOURCE_MISSING TRUCK_ACCESS_UNPROVEN COORDINATES_MISSING AMENITIES_UNSOURCED,,65,0,https://mdta.maryland.gov/MD_I-95_Travel_Plazas/Home.html,retrieve and record source: https://mdta.maryland.gov/MD_I-95_Travel_Plazas/Home.html
208bb775-28c3-4123-8bd8-6eaaeac77ad4,Maryland House Travel Plaza Truck Parking,MD,Aberdeen,legacy-import,needs-source-provenance,unknown,missing,unknown,PARKING_SOURCE_MISSING TRUCK_ACCESS_UNPROVEN COORDINATES_MISSING AMENITIES_UNSOURCED,,65,0,https://mdta.maryland.gov/MD_I-95_Travel_Plazas/Home.html,retrieve and record source: https://mdta.maryland.gov/MD_I-95_Travel_Plazas/Home.html
6c6a902c-51f9-4aee-859d-3eb835664f64,Maryland I-95 North Welcome Center & Rest Area,MD,Savage,legacy-import,needs-source-provenance,unknown,missing,unknown,PARKING_SOURCE_MISSING TRUCK_ACCESS_UNPROVEN COORDINATES_MISSING AMENITIES_UNSOURCED,,62,0,https://www.visitmaryland.org/listing/visitor-centers/i-95-north-welcome-center,retrieve and record source: https://www.visitmaryland.org/listing/visitor-centers/i-95-north-welcome-center
9ee0d88b-f880-4157-81ec-2453ef1f37ed,Maryland I-95 South Welcome Center & Rest Area,MD,Savage,legacy-import,needs-source-provenance,unknown,missing,unknown,PARKING_SOURCE_MISSING TRUCK_ACCESS_UNPROVEN COORDINATES_MISSING AMENITIES_UNSOURCED,,62,0,https://www.visitmaryland.org/listing/visitor-centers/i-95-south-welcome-center,retrieve and record source: https://www.visitmaryland.org/listing/visitor-centers/i-95-south-welcome-center
211b73ca-fccd-437d-9daf-139d6f60c902,Kennebunk Service Plaza (I-95 Northbound),ME,Kennebunk,official-government,needs-source-provenance,unknown,unverifiable,unknown,PARKING_SOURCE_MISSING TRUCK_ACCESS_UNPROVEN COORDINATE_PROVENANCE_MISSING,,34,0,,find an official source
a3bd4ae7-8628-43ac-ba05-c03028eb215c,"Sault Ste. Marie Rest Area (I-75 NB, MM 389)",MI,Sault Ste. Marie,legacy-import,needs-source-provenance,unknown,missing,unknown,PARKING_SOURCE_MISSING TRUCK_ACCESS_UNPROVEN COORDINATES_MISSING,,39,0,https://www.michiganrestareas.com/,retrieve and record source: https://www.michiganrestareas.com/
9d0f39c3-4609-4b0b-8051-7ca9b53f97b0,"St. Ignace Rest Area (I-75 SB, MM 348)",MI,St. Ignace,legacy-import,needs-source-provenance,unknown,missing,unknown,PARKING_SOURCE_MISSING TRUCK_ACCESS_UNPROVEN COORDINATES_MISSING,,39,0,https://www.michiganrestareas.com/,retrieve and record source: https://www.michiganrestareas.com/
56a93068-45d4-4033-ba20-a00d3fe66ba6,Truck Parking Club - Auburn Hills,MI,Auburn Hills,legacy-import,needs-source-provenance,unknown,missing,unknown,PARKING_SOURCE_MISSING TRUCK_ACCESS_UNPROVEN COORDINATES_MISSING FREE_PAID_UNSOURCED RESERVABILITY_UNSOURCED,,41,0,https://truckparkingclub.com/us/michigan/auburn-hills,retrieve and record source: https://truckparkingclub.com/us/michigan/auburn-hills
c7f25b2f-f452-4eb3-b77d-7f74097bd34e,Truck Parking Club - Madison Heights,MI,Madison Heights,legacy-import,needs-source-provenance,unknown,missing,unknown,PARKING_SOURCE_MISSING TRUCK_ACCESS_UNPROVEN COORDINATES_MISSING FREE_PAID_UNSOURCED RESERVABILITY_UNSOURCED,,41,0,https://truckparkingclub.com/us/michigan/madison-heights,retrieve and record source: https://truckparkingclub.com/us/michigan/madison-heights
d8c8b88a-0af7-4faf-838f-5288eef85239,I-95 Cumberland County Rest Area (Northbound),NC,Fayetteville,legacy-import,needs-source-provenance,unknown,missing,unknown,PARKING_SOURCE_MISSING TRUCK_ACCESS_UNPROVEN COORDINATES_MISSING AMENITIES_UNSOURCED,,55,0,https://www.ncdot.gov/travel-maps/traffic-travel/rest-areas/,retrieve and record source: https://www.ncdot.gov/travel-maps/traffic-travel/rest-areas/
25dea13e-8d96-411a-8945-782f2b5694d4,I-95 Cumberland County Rest Area (Southbound),NC,Fayetteville,legacy-import,needs-source-provenance,unknown,missing,unknown,PARKING_SOURCE_MISSING TRUCK_ACCESS_UNPROVEN COORDINATES_MISSING AMENITIES_UNSOURCED,,55,0,https://www.ncdot.gov/travel-maps/traffic-travel/rest-areas/,retrieve and record source: https://www.ncdot.gov/travel-maps/traffic-travel/rest-areas/
a55fe534-cdce-4fa2-946f-7e54ac747462,I-95 Johnston County Rest Area (MM 99),NC,Selma,legacy-import,needs-source-provenance,unknown,missing,unknown,PARKING_SOURCE_MISSING TRUCK_ACCESS_UNPROVEN COORDINATES_MISSING AMENITIES_UNSOURCED,,47,0,https://www.ncdot.gov/travel-maps/traffic-travel/rest-areas/,retrieve and record source: https://www.ncdot.gov/travel-maps/traffic-travel/rest-areas/
f2ee667c-a7d7-4e9d-9f9d-b3333d69bb73,I-95 Nash County Rest Area (MM 142),NC,Battleboro,legacy-import,needs-source-provenance,unknown,missing,unknown,PARKING_SOURCE_MISSING TRUCK_ACCESS_UNPROVEN COORDINATES_MISSING AMENITIES_UNSOURCED,,47,0,https://www.ncdot.gov/travel-maps/traffic-travel/rest-areas/,retrieve and record source: https://www.ncdot.gov/travel-maps/traffic-travel/rest-areas/
d4a2a4fa-6bf3-407f-a16d-eb56851d1818,I-95 South N.C. Welcome Center,NC,Rowland,legacy-import,needs-source-provenance,unknown,missing,unknown,PARKING_SOURCE_MISSING TRUCK_ACCESS_UNPROVEN COORDINATES_MISSING AMENITIES_UNSOURCED,,64,0,https://www.visitnc.com/i-95-south-nc-welcome-center,retrieve and record source: https://www.visitnc.com/i-95-south-nc-welcome-center
754ad6c5-67c3-471c-a1f0-a2add44818fa,McDowell County Rest Area I-40 Eastbound (MM 82),NC,Marion,legacy-import,needs-source-provenance,unknown,missing,unknown,PARKING_SOURCE_MISSING TRUCK_ACCESS_UNPROVEN COORDINATES_MISSING AMENITIES_UNSOURCED FREE_PAID_UNSOURCED,,43,0,https://www.ncdot.gov/travel-maps/traffic-travel/rest-areas/Pages/default.aspx,retrieve and record source: https://www.ncdot.gov/travel-maps/traffic-travel/rest-areas/Pages/default.aspx
ff910909-fb85-4078-89de-733cdf1b24f3,McDowell County Rest Area I-40 Westbound (MM 82),NC,Marion,legacy-import,non-parking,weigh-or-inspection-only,missing,unknown,WEIGH_STATION_NOT_PARKING PARKING_SOURCE_MISSING TRUCK_ACCESS_UNPROVEN COORDINATES_MISSING AMENITIES_UNSOURCED FREE_PAID_UNSOURCED,,43,0,https://www.ncdot.gov/travel-maps/traffic-travel/rest-areas/Pages/default.aspx,recategorise or reject
046b382e-6805-4be0-867d-d919b6cedadb,North Carolina Welcome Center - I-95 Northampton,NC,Pleasant Hill,legacy-import,needs-source-provenance,unknown,missing,unknown,PARKING_SOURCE_MISSING TRUCK_ACCESS_UNPROVEN COORDINATES_MISSING AMENITIES_UNSOURCED,,56,0,https://www.commerce.nc.gov/contact/north-carolina-welcome-centers,retrieve and record source: https://www.commerce.nc.gov/contact/north-carolina-welcome-centers
af93fa04-c103-493c-aa68-469a003407a6,"Truck Parking Club - 1960 US Highway 70 SE, Hickory",NC,Hickory,legacy-import,needs-source-provenance,unknown,missing,unknown,PARKING_SOURCE_MISSING TRUCK_ACCESS_UNPROVEN COORDINATES_MISSING OVERNIGHT_LEGACY_BOOLEAN_ONLY FREE_PAID_UNSOURCED RESERVABILITY_UNSOURCED,,53,0,https://truckparkingclub.com/truck-parking/north-carolina/hickory/1960-us-highway-70-southeast-28602,retrieve and record source: https://truckparkingclub.com/truck-parking/north-carolina/hickory/1960-us-highway-70-southeast-28602
431362ab-4fef-4f4f-bfb1-5a6b46b0ceec,"Truck Parking Club - 325 U.S. Hwy 70 SW, Hickory",NC,Hickory,legacy-import,needs-source-provenance,unknown,missing,unknown,PARKING_SOURCE_MISSING TRUCK_ACCESS_UNPROVEN COORDINATES_MISSING OVERNIGHT_LEGACY_BOOLEAN_ONLY FREE_PAID_UNSOURCED RESERVABILITY_UNSOURCED,,59,0,https://truckparkingclub.com/truck-parking/north-carolina/hickory/325-u-s--hwy-70-sw-28602,retrieve and record source: https://truckparkingclub.com/truck-parking/north-carolina/hickory/325-u-s--hwy-70-sw-28602
d111217f-786e-4b71-b57e-ffa4dca9f3b2,Truck Parking Club - 47 Walker Way,NC,Canton,legacy-import,needs-source-provenance,unknown,missing,unknown,PARKING_SOURCE_MISSING TRUCK_ACCESS_UNPROVEN COORDINATES_MISSING,,24,0,,find an official source
01d5116b-6fc7-4a6f-909d-11d594522aab,Truck Parking Club - Candler lot off Smokey Park Hwy,NC,Candler,legacy-import,needs-source-provenance,unknown,missing,unknown,PARKING_SOURCE_MISSING TRUCK_ACCESS_UNPROVEN COORDINATES_MISSING OVERNIGHT_LEGACY_BOOLEAN_ONLY FREE_PAID_UNSOURCED RESERVABILITY_UNSOURCED,,55,0,https://truckparkingclub.com/us/north-carolina/asheville,retrieve and record source: https://truckparkingclub.com/us/north-carolina/asheville
e7edb2b3-ca16-40d5-b412-7435c59bd132,I-75 Rest Area — Northbound (Miami County),OH,Piqua,legacy-import,needs-source-provenance,unknown,missing,unknown,PARKING_SOURCE_MISSING TRUCK_ACCESS_UNPROVEN COORDINATES_MISSING SPACE_COUNT_UNSOURCED AMENITIES_UNSOURCED FREE_PAID_UNSOURCED,,55,0,https://www.transportation.ohio.gov,retrieve and record source: https://www.transportation.ohio.gov
97a91141-ec4d-49fb-b8d2-4c30a90c308a,I-75 Rest Area — Southbound (Miami County),OH,Piqua,legacy-import,needs-source-provenance,unknown,missing,unknown,PARKING_SOURCE_MISSING TRUCK_ACCESS_UNPROVEN COORDINATES_MISSING AMENITIES_UNSOURCED FREE_PAID_UNSOURCED,,51,0,https://www.transportation.ohio.gov,retrieve and record source: https://www.transportation.ohio.gov
640d6b42-4c71-4eb9-b734-da42ae182bab,My Parking Hub - Toledo (Sam's Hub Access),OH,Toledo,legacy-import,needs-source-provenance,unknown,missing,unknown,PARKING_SOURCE_MISSING TRUCK_ACCESS_UNPROVEN COORDINATES_MISSING OVERNIGHT_LEGACY_BOOLEAN_ONLY AMENITIES_UNSOURCED FREE_PAID_UNSOURCED RESERVABILITY_UNSOURCED,,43,0,https://myparkinghub.com/,retrieve and record source: https://myparkinghub.com/
e1730d2e-0567-43bc-a3db-6e15a0f8cb11,Toledo Truck Hub,OH,Toledo,legacy-import,needs-source-provenance,unknown,missing,unknown,PARKING_SOURCE_MISSING TRUCK_ACCESS_UNPROVEN COORDINATES_MISSING OVERNIGHT_LEGACY_BOOLEAN_ONLY AMENITIES_UNSOURCED FREE_PAID_UNSOURCED,,43,0,http://toledotruckhub.com/,retrieve and record source: http://toledotruckhub.com/
d243ac8c-5b16-4d91-b0be-38e63fc99da2,Truck Parking Club - 2601 Verity Pkwy (Middletown),OH,Middletown,legacy-import,needs-source-provenance,unknown,missing,unknown,PARKING_SOURCE_MISSING TRUCK_ACCESS_UNPROVEN COORDINATES_MISSING OVERNIGHT_LEGACY_BOOLEAN_ONLY FREE_PAID_UNSOURCED RESERVABILITY_UNSOURCED,,59,0,https://truckparkingclub.com/truck-parking/ohio/middletown/2601-verity-pkwy-suite-6-45044,retrieve and record source: https://truckparkingclub.com/truck-parking/ohio/middletown/2601-verity-pkwy-suite-6-45044
3d065e68-3f21-47d9-8ace-4670366e6fed,Truck Parking Club - 6180 Hagman Rd (Toledo),OH,Toledo,legacy-import,needs-source-provenance,unknown,missing,unknown,PARKING_SOURCE_MISSING TRUCK_ACCESS_UNPROVEN COORDINATES_MISSING FREE_PAID_UNSOURCED RESERVABILITY_UNSOURCED,,53,0,https://truckparkingclub.com/truck-parking/ohio/toledo/6180-hagman-rd-43612,retrieve and record source: https://truckparkingclub.com/truck-parking/ohio/toledo/6180-hagman-rd-43612
6ad4784a-e243-424d-add0-f86c493522d8,"Hamer Welcome Center (I-95 SB, NC line)",SC,Hamer,legacy-import,needs-source-provenance,unknown,missing,unknown,PARKING_SOURCE_MISSING TRUCK_ACCESS_UNPROVEN COORDINATES_MISSING AMENITIES_UNSOURCED,,46,0,https://www.scdot.org/,retrieve and record source: https://www.scdot.org/
a78733d7-c361-4bb9-b33b-fce85430accb,Santee Rest Area (Northbound),SC,Santee,legacy-import,needs-source-provenance,unknown,missing,unknown,PARKING_SOURCE_MISSING TRUCK_ACCESS_UNPROVEN COORDINATES_MISSING AMENITIES_UNSOURCED,,43,0,https://www.scdot.org/,retrieve and record source: https://www.scdot.org/
b0bc8564-8366-420d-ae6b-5e7beba07881,Santee Welcome Center (Southbound),SC,Santee,legacy-import,needs-source-provenance,unknown,missing,unknown,PARKING_SOURCE_MISSING TRUCK_ACCESS_UNPROVEN COORDINATES_MISSING AMENITIES_UNSOURCED,,46,0,https://www.scdot.org/,retrieve and record source: https://www.scdot.org/
992872b0-b0e0-4f51-867c-1460666822b7,South Carolina Welcome Center (I-95 NB),SC,Hardeeville,legacy-import,needs-source-provenance,unknown,missing,unknown,PARKING_SOURCE_MISSING TRUCK_ACCESS_UNPROVEN COORDINATES_MISSING AMENITIES_UNSOURCED,,57,0,https://discoversouthcarolina.com,retrieve and record source: https://discoversouthcarolina.com
f06d1393-166a-44a7-8ea1-9bb9ffdf749a,Turbeville Rest Area (I-95 MM 139),SC,Turbeville,legacy-import,needs-source-provenance,unknown,missing,unknown,PARKING_SOURCE_MISSING TRUCK_ACCESS_UNPROVEN COORDINATES_MISSING AMENITIES_UNSOURCED,,43,0,https://www.scdot.org/,retrieve and record source: https://www.scdot.org/
a57aadf4-496b-4065-83e8-5c87885bf2b0,Benton County I-40 Eastbound Rest Area (Loretta Lynn / Hank Williams Rest Area),TN,Holladay,legacy-import,needs-source-provenance,unknown,missing,unknown,PARKING_SOURCE_MISSING TRUCK_ACCESS_UNPROVEN COORDINATES_MISSING AMENITIES_UNSOURCED FREE_PAID_UNSOURCED,,68,0,https://smartway.tn.gov/traffic/text/region/4/restareas/route/I-40,retrieve and record source: https://smartway.tn.gov/traffic/text/region/4/restareas/route/I-40
188b983c-bfc5-4d1d-9027-02850775a06a,Benton County I-40 Westbound Rest Area,TN,Holladay,legacy-import,needs-source-provenance,unknown,missing,unknown,PARKING_SOURCE_MISSING TRUCK_ACCESS_UNPROVEN COORDINATES_MISSING AMENITIES_UNSOURCED FREE_PAID_UNSOURCED,,57,0,https://smartway.tn.gov/traffic/text/region/4/restareas/route/I-40,retrieve and record source: https://smartway.tn.gov/traffic/text/region/4/restareas/route/I-40
39d8b991-c7a4-4631-82f9-23f3e3947ae9,Dickson County Rest Area - I-40 Eastbound (MM 170),TN,Dickson,legacy-import,needs-source-provenance,unknown,missing,unknown,PARKING_SOURCE_MISSING TRUCK_ACCESS_UNPROVEN COORDINATES_MISSING AMENITIES_UNSOURCED FREE_PAID_UNSOURCED,,43,0,https://smartway.tn.gov/traffic/text/region/3/restareas/route/I-40,retrieve and record source: https://smartway.tn.gov/traffic/text/region/3/restareas/route/I-40
c4c53150-93d8-46e4-a4a5-8a5ede62e6ec,Dickson County Rest Area - I-40 Westbound (MM 170),TN,Dickson,legacy-import,needs-source-provenance,unknown,missing,unknown,PARKING_SOURCE_MISSING TRUCK_ACCESS_UNPROVEN COORDINATES_MISSING AMENITIES_UNSOURCED FREE_PAID_UNSOURCED,,43,0,https://smartway.tn.gov/traffic/text/region/3/restareas/route/I-40,retrieve and record source: https://smartway.tn.gov/traffic/text/region/3/restareas/route/I-40
f2afcd23-d5f0-4a59-b8b0-00b83e24da33,"I-40 Cumberland County Rest Area (Eastbound, MM 324.4)",TN,Crossville,legacy-import,needs-source-provenance,unknown,missing,unknown,PARKING_SOURCE_MISSING TRUCK_ACCESS_UNPROVEN COORDINATES_MISSING AMENITIES_UNSOURCED FREE_PAID_UNSOURCED,,43,0,https://www.tennesseerestareas.com/tn-i40-cumberland-county-rest-area-eastbound-mm-324-4/,retrieve and record source: https://www.tennesseerestareas.com/tn-i40-cumberland-county-rest-area-eastbound-mm-324-4/
9294ef9c-0e44-440c-a480-81bc00da21e5,"I-40 Cumberland County Rest Area (Westbound, MM 326.6)",TN,Crossville,legacy-import,needs-source-provenance,unknown,missing,unknown,PARKING_SOURCE_MISSING TRUCK_ACCESS_UNPROVEN COORDINATES_MISSING AMENITIES_UNSOURCED FREE_PAID_UNSOURCED,,43,0,https://www.tennesseerestareas.com/,retrieve and record source: https://www.tennesseerestareas.com/
5f8a9e1f-6fd6-411f-83aa-6a56f2cb8c97,"I-65 Northbound Truck Parking Area (former weigh station, Robertson County)",TN,Mitchellville,legacy-import,non-parking,weigh-or-inspection-only,missing,unknown,WEIGH_STATION_NOT_PARKING PARKING_SOURCE_MISSING TRUCK_ACCESS_UNPROVEN COORDINATES_MISSING,,39,0,https://www.tn.gov/tdot/projects/region-3/i-65-nashville-to-ky-state-line.html,recategorise or reject
84220419-b8f4-47eb-bae1-d9fb3dc20040,"TDOT Haywood County Welcome Center / Rest Area (I-40 Westbound, MM 44-45)",TN,Stanton,legacy-import,needs-source-provenance,unknown,missing,unknown,PARKING_SOURCE_MISSING TRUCK_ACCESS_UNPROVEN COORDINATES_MISSING AMENITIES_UNSOURCED FREE_PAID_UNSOURCED,,51,0,https://www.tn.gov/tdot/engineering-operations-division/welcome-center-rest-areas.html,retrieve and record source: https://www.tn.gov/tdot/engineering-operations-division/welcome-center-rest-areas.html
d375452a-670c-4a2e-8d3e-92fc53756210,"TDOT I-65 Truck Parking Area (former Northbound Weigh Station, Giles County)",TN,Ardmore,legacy-import,non-parking,weigh-or-inspection-only,missing,unknown,WEIGH_STATION_NOT_PARKING PARKING_SOURCE_MISSING TRUCK_ACCESS_UNPROVEN COORDINATES_MISSING,,43,0,https://www.tn.gov/tdot/projects/region-3/i-65-nashville-to-ky-state-line.html,recategorise or reject
79b23309-1563-43cb-9657-4edb9d990acb,"TDOT Madison County Rest Area (I-40 Eastbound, MM 73)",TN,Denmark,legacy-import,needs-source-provenance,unknown,missing,unknown,PARKING_SOURCE_MISSING TRUCK_ACCESS_UNPROVEN COORDINATES_MISSING AMENITIES_UNSOURCED FREE_PAID_UNSOURCED,,51,0,https://www.tn.gov/tdot/engineering-operations-division/welcome-center-rest-areas.html,retrieve and record source: https://www.tn.gov/tdot/engineering-operations-division/welcome-center-rest-areas.html
c1b2faaa-1b77-420d-88ce-d1d2d36f7a5b,"Tennessee Welcome Center - I-65 (Ardmore, Northbound)",TN,Ardmore,legacy-import,needs-source-provenance,unknown,missing,unknown,PARKING_SOURCE_MISSING TRUCK_ACCESS_UNPROVEN COORDINATES_MISSING AMENITIES_UNSOURCED,,54,0,https://www.tn.gov/tdot/engineering-operations-division/welcome-center-rest-areas.html,retrieve and record source: https://www.tn.gov/tdot/engineering-operations-division/welcome-center-rest-areas.html
49433ba9-dcea-4fa2-81f6-46cc54bf922c,Truck Parking Club - 799 12th Ave N (Bobtail/Box Truck Parking),TN,Nashville,legacy-import,needs-source-provenance,unknown,missing,unknown,PARKING_SOURCE_MISSING TRUCK_ACCESS_UNPROVEN COORDINATES_MISSING FREE_PAID_UNSOURCED RESERVABILITY_UNSOURCED,,53,0,https://truckparkingclub.com/truck-parking/tennessee/nashville/799-12th-ave-n-37203,retrieve and record source: https://truckparkingclub.com/truck-parking/tennessee/nashville/799-12th-ave-n-37203
5ea6edb7-8a31-4b40-a59a-aac43a2f9d9c,"Truck Parking Club property - 1420 TN-96, Fairview",TN,Fairview,legacy-import,needs-source-provenance,unknown,missing,unknown,PARKING_SOURCE_MISSING TRUCK_ACCESS_UNPROVEN COORDINATES_MISSING OVERNIGHT_LEGACY_BOOLEAN_ONLY FREE_PAID_UNSOURCED RESERVABILITY_UNSOURCED,,55,0,https://truckparkingclub.com/us/tennessee,retrieve and record source: https://truckparkingclub.com/us/tennessee
291f4ba9-2de3-4f95-a81d-642f0bf0ac93,"Westbound Truck Parking Area, I-40 WB near Monterey",TN,Monterey,legacy-import,needs-source-provenance,unknown,missing,unknown,PARKING_SOURCE_MISSING TRUCK_ACCESS_UNPROVEN COORDINATES_MISSING OVERNIGHT_LEGACY_BOOLEAN_ONLY FREE_PAID_UNSOURCED,,49,0,https://truckmap.com/place/westbound-truck-parking-area-i-40-wb-monterey-tn-38574-usa,retrieve and record source: https://truckmap.com/place/westbound-truck-parking-area-i-40-wb-monterey-tn-38574-usa
0b924a84-cb2d-4876-b433-f63fdfa47c78,Carson Safety Rest Area,VA,Carson,legacy-import,needs-source-provenance,unknown,missing,unknown,PARKING_SOURCE_MISSING TRUCK_ACCESS_UNPROVEN COORDINATES_MISSING AMENITIES_UNSOURCED,,58,0,https://www.vdot.virginia.gov/about/our-system/highways/rest-areas/,retrieve and record source: https://www.vdot.virginia.gov/about/our-system/highways/rest-areas/
20527ca4-925d-432f-a857-1150c2a09ba8,Dale City Safety Rest Area (Northbound),VA,Dale City,legacy-import,needs-source-provenance,unknown,missing,unknown,PARKING_SOURCE_MISSING TRUCK_ACCESS_UNPROVEN COORDINATES_MISSING AMENITIES_UNSOURCED,,58,0,https://www.vdot.virginia.gov/about/our-system/highways/rest-areas/,retrieve and record source: https://www.vdot.virginia.gov/about/our-system/highways/rest-areas/
b440fb9a-6e87-485e-8279-680b862a8f0b,Dale City Truck Rest Area (Southbound),VA,Dale City,legacy-import,non-parking,car-only,missing,unknown,CAR_ONLY_REST_AREA PARKING_SOURCE_MISSING TRUCK_ACCESS_UNPROVEN COORDINATES_MISSING AMENITIES_UNSOURCED,,58,0,https://www.vdot.virginia.gov/about/our-system/highways/rest-areas/,recategorise or reject
1b0ef012-d5cf-4550-8723-3c19fa283ddb,Fredericksburg Welcome Center (Southbound),VA,Fredericksburg,legacy-import,needs-source-provenance,unknown,missing,unknown,PARKING_SOURCE_MISSING TRUCK_ACCESS_UNPROVEN COORDINATES_MISSING AMENITIES_UNSOURCED,,58,0,https://www.vdot.virginia.gov/about/our-system/highways/rest-areas/,retrieve and record source: https://www.vdot.virginia.gov/about/our-system/highways/rest-areas/
fe637d31-d4dc-4482-9e3c-2b196a38335c,Ladysmith Safety Rest Area (Northbound),VA,Ladysmith,legacy-import,needs-source-provenance,unknown,missing,unknown,PARKING_SOURCE_MISSING TRUCK_ACCESS_UNPROVEN COORDINATES_MISSING AMENITIES_UNSOURCED,,58,0,https://www.vdot.virginia.gov/about/our-system/highways/rest-areas/,retrieve and record source: https://www.vdot.virginia.gov/about/our-system/highways/rest-areas/
0ef95380-098c-4503-9bc9-74781c544195,Ladysmith Safety Rest Area (Southbound),VA,Ladysmith,legacy-import,needs-source-provenance,unknown,missing,unknown,PARKING_SOURCE_MISSING TRUCK_ACCESS_UNPROVEN COORDINATES_MISSING AMENITIES_UNSOURCED,,58,0,https://www.vdot.virginia.gov/about/our-system/highways/rest-areas/,retrieve and record source: https://www.vdot.virginia.gov/about/our-system/highways/rest-areas/
9a0ac97f-90d6-4f60-a96d-d51791049ffe,Virginia Welcome Center (Skippers),VA,Skippers,legacy-import,needs-source-provenance,unknown,missing,unknown,PARKING_SOURCE_MISSING TRUCK_ACCESS_UNPROVEN COORDINATES_MISSING AMENITIES_UNSOURCED,,58,0,https://www.vdot.virginia.gov/about/our-system/highways/rest-areas/,retrieve and record source: https://www.vdot.virginia.gov/about/our-system/highways/rest-areas/
ed44c220-c6df-4699-901c-eed2820054ed,Guilford Welcome Center (I-91 North),VT,Guilford,official-government,needs-source-provenance,unknown,unverifiable,unknown,PARKING_SOURCE_MISSING TRUCK_ACCESS_UNPROVEN COORDINATE_PROVENANCE_MISSING,,34,0,,find an official source
